donation_id,declaration_id,association_id,outcome,matched_at,transport_cost_eur,distance_km
d7118f59-91ba-4bf7-b06d-b5105224ff2f,32ff0441-064d-4ec8-b34f-321073608232,c6506340-0e3c-47d8-ab5d-7e7c977db914,accepted,2025-11-23 15:22:39.671787,372.32,239.14
f34a5b25-0fe8-4182-b470-1bf4ec706311,c3fa236d-8172-4a88-8eaa-f8c6d72d19a1,035d6ccf-b693-430c-8819-45ff5c725d89,accepted,2025-06-03 21:04:37.080804,356.96,460.4
68cd265b-1514-4989-8454-76d4b6546022,eb4f49a8-8ba2-4a6b-a8b7-f719482666eb,9018fed1-b9a6-43d5-ab86-6c5e27adf7d5,pending,2025-08-25 22:38:24.847342,35.54,483.9
f780d912-c7a1-4dcd-aedc-dbc2ee6d461d,5e1d56f4-3064-47e3-8985-3193c98f92f6,63ece0b3-1ef0-4c25-81ca-851af79de572,accepted,2025-06-10 18:14:59.190919,291.46,749.67
47a3f665-bd55-4e05-9901-da0689434028,59c1cbfd-3207-44e7-a351-6142be099e9a,0f3a939b-b21c-4d3e-8425-1a42711e85c7,rejected,2025-07-26 23:45:42.575957,134.24,785.99
169db50e-8187-4355-9e88-a434b41c37dc,b24b4775-27e7-4274-97f7-405956e7d3d0,56c13f9a-ebc7-4bc0-8967-557465e7294a,rejected,2026-03-09 19:07:12.042235,62.59,568.63
20c93941-8cad-4b8c-9894-5ccc85f40f99,204dd8d0-6481-41be-b06e-c2009c0f30d7,035d6ccf-b693-430c-8819-45ff5c725d89,rejected,2025-07-28 16:30:47.308867,234.38,215.84
21c00cec-c079-4563-888d-111cefb75227,11ca05cf-a891-4f0a-b3e5-3577e2511447,97c01076-a980-4464-89ea-fec17a4f5dcb,accepted,2026-02-08 20:35:44.327685,143.2,90.89
c3b09c4a-71c4-4f1b-ae2e-581b09cb333c,06b50e24-b555-42f3-8ff3-3ead53146b33,4c4c3331-66e3-48c2-b51b-b539603203e1,accepted,2025-11-07 00:56:24.401130,371.64,775.44
525b99f8-e121-4a42-8b6c-03e6c74ea8ae,98f6f388-5a09-4644-b8fc-0834f69211f5,27e68da6-e956-402b-82f7-f7c8cfc39e90,accepted,2025-04-07 15:18:38.178607,201.78,439.09
25e159da-a3a8-4270-a9cb-063d918f686c,dc164af1-3157-4c0c-96fa-74502a33e296,c692f093-256c-44d3-be28-270059633f56,rejected,2025-06-25 06:51:12.796569,297.47,607.8
e1db5a1e-91e3-4dbc-a38f-ea6ba824b623,471f0e87-c4bf-41c9-b8b6-b090fd67637a,b3ea8d09-e790-4887-95b1-dc707dca7b71,accepted,2026-03-05 03:36:43.777309,403.61,31.56
03436cd8-2b9a-4ddd-accc-0bcf9f4d5212,e2eff2bd-b74f-4a95-97fa-856b7cfc9695,26a3c629-775f-47fe-9bf2-fed97b57847e,accepted,2026-02-26 03:20:37.906340,70.27,276.74
b44d0fc4-fe6d-4f62-8222-f09122baea25,9994233f-ee2d-43ea-879a-a07ea882c9f4,00a10016-7c15-4db1-9c47-5e1230b78936,accepted,2026-01-11 13:12:15.386069,56.0,753.76
09b02829-425c-490c-b674-81841a168627,49163fd6-79cd-40ec-8196-45d3af566c0b,586992ed-a9e3-4bf9-9818-cf57262f3b16,accepted,2025-04-19 00:07:49.033626,314.55,388.78
6f542f39-77bd-4dc9-9244-d35f0b905e3b,53e0964c-25de-4059-bf28-1666f62249d3,11d1e926-5c44-447c-87fd-2982a0af2db4,pending,2025-06-01 23:48:42.221378,99.2,712.35
1aa644de-e535-4677-8b95-f10ba79440e7,caece541-8ec7-4d86-98d1-2836d012d9d4,4c4c3331-66e3-48c2-b51b-b539603203e1,accepted,2025-11-05 02:11:04.203911,118.66,156.04
e815eee5-9fb2-4dfc-9375-6c76de9992b2,41989530-ba71-4684-8774-032613c977ef,389371b8-47c5-482a-a759-abccc2a88c3a,rejected,2026-03-06 04:54:50.280200,370.39,215.89
69e656b3-5104-4ec9-98a2-52422adde62d,67e4e134-ff03-4b7e-b1e4-705ea360d944,afc5b393-2c72-44ad-a624-258166f88025,accepted,2025-04-03 23:54:07.708261,43.83,459.56
653337d3-9af3-4800-b4ac-6b5cc118c045,3b831e17-a50f-4e3b-a90e-5ae9037ba03a,3208ebc8-095f-4a0c-a0df-69c8a220c748,accepted,2025-07-16 08:00:15.403124,193.2,344.95
b9ef5f47-d69a-4bf4-b5d3-036f6a0f04f9,8ff65869-bc76-47c5-8ba0-d2472cc6b266,52350145-c4e7-48b8-8bf8-138cfa167256,accepted,2026-03-12 16:18:35.216961,250.56,82.1
59ccdcba-caac-4f0d-8417-8315bbd1b7f3,4e118a73-d7a6-4b66-b7d3-2128163afa70,b997845e-76e8-4247-b0e4-5fe430a776c4,accepted,2025-12-28 23:00:15.138734,488.99,381.49
e3196213-2dd3-4e38-aa7e-5239e3fe5cce,8bc55aad-7065-4604-9a3d-f38819946d1f,4616e93e-047d-459c-82d8-eba38aecd3cf,rejected,2025-05-30 11:19:33.160512,246.05,716.43
8e3cdd6e-c018-45c0-b94c-e53f0fe4d04b,dc63c09e-64c7-4ddf-9f72-e44fdaf095a7,20c2a8ee-137e-40ee-b0a7-2d1ea2553dba,accepted,2026-01-13 14:31:37.417152,206.01,299.96
346cda53-4dbf-4a43-add6-6c547d83213d,a2621da2-207e-411d-abe1-1b0015bd9d96,e7be4fc8-7147-48af-b288-dd4ed6489a2c,accepted,2025-10-04 22:35:43.869612,41.42,354.59
db899b0d-d6b5-43ac-9cde-b9b9bbe1c850,732b37d6-188c-47a3-927a-e0adbfc0aa2f,0d05f19b-0907-49b5-bedb-e7c72713ebb2,rejected,2025-10-16 16:38:11.163449,290.84,125.15
711a4875-b5b1-40fe-90f7-69bf70a09557,41989530-ba71-4684-8774-032613c977ef,6b65021c-2086-4699-8355-05184f72e23c,accepted,2026-01-07 11:34:13.279250,340.71,647.5
93de9225-9e7d-4a80-ab84-0b00765a90ed,59ab0cb3-f71a-4364-ad2b-def34c1aaee1,7bffd16d-2688-4d5b-bcf6-c5ab8782302d,accepted,2025-06-09 14:57:12.803004,285.73,673.43
fbdcf87c-3409-49c6-b710-03bc407b1e77,f84f46e0-0b88-445f-ad3b-faba165458d9,fac51ffd-8aaa-46f2-a9c3-bff2a2a9473e,accepted,2025-12-24 08:28:19.776482,277.05,694.18
64795fb0-e62b-481d-9bbb-4ec2dbcea3f1,595aedc9-d2cb-41f4-8538-2bfa7afdfa9f,2099ff17-cf39-4cd0-a792-f8bd8f41db6f,rejected,2025-12-29 13:36:17.751787,248.61,67.77
215c9a43-b0ff-4d44-aeac-d28d1a39ed77,e318accf-1340-43ea-8058-379084add120,8257b79e-4763-4403-b71c-ab7d2627053c,accepted,2025-10-20 04:46:30.122047,294.19,415.87
9ec4e535-05d5-4868-b725-ddf5546edc85,89a1639c-0aa3-4550-80aa-dcc7d282a6f0,f25dea73-7080-412a-b175-b2038860a9f3,pending,2025-06-25 19:04:04.113895,90.77,759.66
ac6e1107-2b09-4b8a-9feb-9887059d7b10,05937809-733c-4fd0-b0a0-3830a524ad33,c6506340-0e3c-47d8-ab5d-7e7c977db914,pending,2026-03-10 22:17:50.973292,100.24,173.45
7b89e35b-cff9-4bd8-b533-9b8c9d6c2548,ffea6a7b-bd66-4c52-be2a-6dc06ed9e9aa,c4dc6416-4d40-4175-8118-b1d90e621e08,accepted,2026-03-12 04:58:13.436675,57.62,548.08
1cec2f20-3087-41a6-93a4-b34c1fa6de04,a613cc04-e2e4-4a12-a4ce-df533448f244,cfc4f3e7-632f-4ea8-a05c-d3f43a5f33fa,accepted,2025-09-29 19:56:31.555350,305.62,259.2
b718ec67-b9c6-4a8d-90da-68eccdb5c578,a870cd73-f59f-484b-94a2-d125958a2627,806fc8a8-1f0f-4371-9bf3-5c7878720973,accepted,2026-01-02 04:07:24.922359,287.05,443.88
1a138289-a940-4b09-bd95-8569bb5543fe,8478d8c5-a6b3-4725-9302-01e18553ed46,98c5db73-d239-4ac1-8b85-1299a8f5ce9f,accepted,2025-04-25 16:07:51.739791,460.24,14.83
ac26a2ee-a9fa-4f36-8c57-1c40e07350c4,dc871c11-718e-4511-9fb4-994e1174689c,7c33cd8b-3dbf-4c22-a97a-a82aadf5a2e8,accepted,2026-01-26 23:37:02.275367,395.21,94.45
73376153-7cd8-4fe0-bc91-7cb4b86ccf28,ace22025-b362-41bc-938d-e53412a2e5dc,9db9508a-aa73-415d-8ad6-5a455849f155,accepted,2025-05-03 15:53:54.719232,299.69,772.04
5e11b426-72fa-4688-9f97-66f21aa13166,dc164af1-3157-4c0c-96fa-74502a33e296,857c4d41-5c3d-47d5-b8d7-b3ca644f24cf,accepted,2025-07-25 08:48:32.029274,68.48,232.44
50974a3b-b9f2-48f5-a137-675d3a49a3ca,d3236a55-c97c-44c0-967b-b22e1be5a627,018f27a3-0d0d-48e3-8ca7-d9816bf11b8c,rejected,2025-12-29 11:44:40.786831,146.79,525.56
10e9acce-0d40-4d71-9c78-395db2f483f6,89a1639c-0aa3-4550-80aa-dcc7d282a6f0,251e4416-1dcc-43b3-a541-f07fc103e1ea,accepted,2025-10-17 14:17:11.203974,102.66,325.36
f3b41c24-71e5-4972-a55e-c40ebd98c418,de9e9051-5eca-4a75-8537-9af9385c458d,251e4416-1dcc-43b3-a541-f07fc103e1ea,accepted,2025-03-22 06:52:34.486156,212.83,319.66
1b1e5a1a-b2fd-40d4-a043-2be695f27744,6b4dd5a4-338f-4d0d-9948-d7e939519fc9,0f3a939b-b21c-4d3e-8425-1a42711e85c7,accepted,2025-06-21 10:41:27.403189,43.66,382.8
8ad40677-daf1-4ca0-981b-359287e5e076,66e711e7-fe73-455e-b4e3-e7c72aaa16ce,e7be4fc8-7147-48af-b288-dd4ed6489a2c,accepted,2025-05-01 19:40:40.899689,412.35,245.93
7bb99094-2f6e-4865-be7a-90996d338a6b,d9747fb1-b5c1-4ca1-93e9-b70045be80ed,3208ebc8-095f-4a0c-a0df-69c8a220c748,rejected,2025-08-17 06:34:56.160824,348.73,778.13
43e4be44-0880-4e10-ab77-6a9e75a32b04,e68ff072-23fa-4c94-af0e-64b6a2b43a52,5cf44aa1-0edc-4031-8cc0-5c60ac58f9ed,accepted,2025-04-27 00:45:56.170846,376.99,620.35
4e367ab4-c98f-4965-b4f0-0d8b6df86004,e6147842-5ce3-43b6-8759-e3253081682c,72accb4e-343b-457d-9397-24e22f3508f4,rejected,2025-04-08 17:40:39.230487,310.39,75.98
e00c9676-8188-4eb3-9fc5-42a76e974cb2,0fa59435-75d8-4e6f-be27-25b234a3268b,064e29b3-d583-4927-a43a-624234454454,pending,2025-08-27 06:00:57.592058,215.44,390.15
2aa4aefe-2981-4295-b6e3-0dc072e05786,407a0511-2059-4b54-ab02-07e153351de3,e7be4fc8-7147-48af-b288-dd4ed6489a2c,rejected,2025-07-26 18:05:23.318470,267.33,131.38
45f92053-d6b3-4424-ba28-4d241b1722e1,ed5b4563-993d-4c96-8f38-16609b35b557,b182a513-39f6-446a-8d09-f20ab016e260,accepted,2025-10-19 08:28:36.798033,85.11,681.78
d4e29d17-8dea-4e85-8890-3f472db4da35,6b4dd5a4-338f-4d0d-9948-d7e939519fc9,41f0a418-8a72-45df-8e28-6f8dfe6dcce6,accepted,2025-08-28 14:42:50.706630,112.53,667.18
2cbecd2e-5641-4a97-9902-1d53511c03b9,dd9a946e-c9c6-4744-93bd-4fd0a2a3c495,0c0e864b-c477-4e54-b7ec-120884517487,accepted,2025-06-05 10:35:42.174156,239.1,734.83
6a8a79e7-8f5d-4ad7-86a2-7074f013bcb7,e5bdb056-c0fd-406f-a7d7-28cade3a3ddf,40cc51a0-c68d-4912-977b-0ffc93a43d38,accepted,2025-10-27 04:25:19.044423,415.28,406.58
b84e9c32-98dd-4f8c-85e3-4d10d9064f61,72fee8c6-ac2f-4910-8341-c1daafb449c7,7319da71-2c44-479c-b37c-1efc7c24f997,accepted,2025-12-07 03:22:50.269345,136.13,393.59
6400f7c0-4a69-4958-be9b-cc00fa7f5660,210bc1c4-0460-4f0e-aee2-05285db8861b,c6506340-0e3c-47d8-ab5d-7e7c977db914,pending,2026-02-11 10:26:32.104821,247.8,443.31
150f84ed-b8d2-43c4-adb6-6f6e07d2600b,8d4e85f9-0630-492e-9979-b618b9b06df7,b3ea8d09-e790-4887-95b1-dc707dca7b71,rejected,2025-11-12 04:19:45.345686,144.16,665.54
17115afe-90ed-49e7-8ec7-b55517336940,e790395d-980e-487c-b7d4-371d202b9c46,1b375bf6-a284-4fe3-b1af-b8fbb696a744,accepted,2025-07-04 16:33:43.662733,43.83,683.79
20a5996d-1100-431f-9de6-ef028af68461,db7ab169-e8be-4caa-abb7-7214ac7f1f18,064e29b3-d583-4927-a43a-624234454454,rejected,2025-11-06 11:54:47.129532,330.74,543.77
47b2d5dd-d6df-41e7-a6dd-6bfc5316f65c,66e711e7-fe73-455e-b4e3-e7c72aaa16ce,6a360ddf-abaa-40c3-b583-1e53e92f4c22,accepted,2025-03-27 21:36:07.507259,29.63,625.34
f8b3b75b-5940-465c-8da1-e8c2c4a2fd59,eddf97c9-7be6-4a99-b4c0-d82c0e05d778,e32440cd-1baf-4865-8a12-d18d1ebe7303,accepted,2026-03-16 05:54:53.603451,457.53,519.66
d817f11d-5750-4aab-9ab2-212fcfe4e3b8,b0c2d8f4-17c2-4b07-9b90-ee647d2057c8,f5a44647-2105-42d3-835d-80a338ffc5c9,accepted,2026-01-19 23:45:31.439913,312.01,754.69
81fd7a97-da8c-423e-850a-6b48ab6e5fa3,d0df35b4-fc99-4180-868a-02cabcd464ac,b182a513-39f6-446a-8d09-f20ab016e260,accepted,2025-08-19 05:09:19.067383,223.43,304.3
fc04f5af-5c0c-4bd0-a545-d994eecf4cc9,12d855ff-fa14-423a-84b7-e5bcfb83c032,3c7767e7-4fd3-4165-9bd2-a54623f88b35,accepted,2025-04-24 22:54:37.957264,244.02,543.37
40e08ac4-b6d1-4453-a591-dbf548296af0,86cdec11-6a8b-44d3-8573-c4046e1d8fa0,7c33cd8b-3dbf-4c22-a97a-a82aadf5a2e8,accepted,2025-12-01 17:16:55.220261,69.11,411.65
f1dde8a1-2fc6-4031-9af3-e7ec344cc997,9fe9367c-1465-4cb5-b5e8-0a0d8f462d5f,e7be4fc8-7147-48af-b288-dd4ed6489a2c,accepted,2025-08-25 12:42:14.327254,305.01,229.73
5afb5889-220a-41f9-b816-8c407a2341d4,1447019c-2d77-447a-9bfa-4f452598b7c2,857c4d41-5c3d-47d5-b8d7-b3ca644f24cf,accepted,2026-02-07 23:17:58.900577,181.42,224.8
30fc76f9-0467-4acc-a8f2-7b26141b8d85,14d217bb-8d1b-4210-bc23-909eba428ca3,98c5db73-d239-4ac1-8b85-1299a8f5ce9f,accepted,2025-07-12 04:05:52.658214,361.33,714.44
1aeba95e-9f51-48a0-ac56-a7bfafd017c9,c57cc49f-7014-4b9b-b138-cba402acd62a,a19c76c1-bfef-4ae2-bf22-ce651c1451c8,accepted,2025-05-09 16:48:06.376234,387.43,720.25
21b86105-94ed-4be7-8ade-ecdf2d5090c2,e816d8b4-124e-468a-8576-1c0df20c983e,936a8ac7-9e87-48ce-84e3-ebc60c27eb83,accepted,2025-05-01 14:42:29.637563,173.4,116.24
97bdad0e-b2f6-4c34-a027-59616d2b6b93,97974e30-9c23-491e-a79b-914455654c6b,6a360ddf-abaa-40c3-b583-1e53e92f4c22,accepted,2025-10-30 13:09:37.347214,161.89,725.99
16c5f71b-98a8-418b-b38e-f0fa15f203ad,06faaa1f-6360-4f12-958f-e2dc4fb05b74,8c6f05f5-fa4f-43f0-9a51-948456be6a06,rejected,2025-10-16 07:42:33.940235,299.85,795.83
3f5f966c-bfaa-434a-9593-da83ecd9436d,32ff0441-064d-4ec8-b34f-321073608232,a19c76c1-bfef-4ae2-bf22-ce651c1451c8,accepted,2025-12-01 15:06:12.788487,362.42,550.62
d62cac06-4bf3-4666-83f1-6017a5a773e4,b921c1d9-11cf-41ee-a96f-f8f8b3a7ef7b,d35f8cff-4ac9-4e8a-979e-2d4a85453a70,pending,2025-08-02 15:27:34.554755,342.5,408.32
e0dda180-b488-4987-9d91-3d5fc169708c,823549b4-414f-463f-9bfa-1b3485e32709,b997845e-76e8-4247-b0e4-5fe430a776c4,rejected,2025-10-20 17:08:12.063075,440.72,149.0
43d56703-f236-4994-8cfe-fe8593344f72,a70eb1a9-26cb-40df-8068-3ac2b49b69fb,d35f8cff-4ac9-4e8a-979e-2d4a85453a70,accepted,2025-07-02 05:32:45.315936,144.15,647.63
0a2ee934-67e3-4436-b3f6-781cbff1b97b,98a44f94-6d51-4c40-b514-64bc2a015d28,873238f7-7edb-47b2-a806-550c7e693cf1,pending,2025-09-17 04:04:56.792061,451.8,525.28
93a310a0-7de4-489d-b0d1-9e4534645ad0,4e0a770e-3298-4db1-9030-4eb323d1dc11,51fd3b2b-5a6e-4633-9995-dcf0845b9136,accepted,2025-08-20 15:34:01.552394,438.29,339.28
27299f8d-563c-428f-b3b3-dcb297ee9b42,9994233f-ee2d-43ea-879a-a07ea882c9f4,0f3a939b-b21c-4d3e-8425-1a42711e85c7,accepted,2025-12-31 04:37:59.032640,301.07,373.69
b668d013-40c4-4455-857a-61be9c3297c5,283c2517-c1e5-43bd-953d-a80e758b5f2b,d35f8cff-4ac9-4e8a-979e-2d4a85453a70,accepted,2025-04-27 07:28:09.678361,324.51,466.35
7241f49d-de3e-484d-a953-c9604a0c3f1a,37b1d4ad-39b8-4caa-82d8-52b1b7065ee1,1138d370-4335-41eb-a651-b802501e501d,accepted,2025-11-10 15:35:58.956337,113.38,100.25
0a0bbd50-ec20-4755-9d19-db9ab14a8a38,70495957-e357-4d96-ba4f-1ce8b91b9d3f,00a10016-7c15-4db1-9c47-5e1230b78936,accepted,2026-01-31 02:18:18.251227,218.29,697.33
b7408861-1f62-4f68-b37f-2250053a8062,3d0c385d-6cd5-474d-a090-cd80abd12938,5cf44aa1-0edc-4031-8cc0-5c60ac58f9ed,pending,2025-10-03 21:24:55.249797,184.48,789.82
91c96d56-55dd-4d3d-bf69-7c7a19da06aa,3fe7dec2-bf32-4d5a-876c-36d98bd0f50d,3c7767e7-4fd3-4165-9bd2-a54623f88b35,accepted,2026-01-26 15:14:27.516647,433.95,148.38
c91a2f0a-dcf8-486d-9590-182b6dc161a7,b38790dc-7b70-421b-acd2-9173c8b4b450,3208ebc8-095f-4a0c-a0df-69c8a220c748,accepted,2025-08-20 14:25:58.610702,493.59,254.16
065d5059-74d4-4d74-a95f-efe868cdfac0,4db89bcd-1e9e-4b20-a9fe-8382c34c796a,5302660b-a17f-486b-8964-83e36d0889e8,accepted,2026-02-03 21:20:08.924861,120.5,619.97
b3083255-6e35-47de-a32e-6ff3c1ab3bc8,8725442e-e14f-4e90-b5a4-acc055dfd619,7e19da53-a92e-4e30-b261-d1fe6aef406e,accepted,2025-08-14 15:56:00.618847,396.9,624.9
f6ae6810-ca64-4162-a949-da1a354fbca1,7b39df0f-468a-44b8-a1c0-70d0a8240b8e,63ece0b3-1ef0-4c25-81ca-851af79de572,accepted,2026-01-12 17:30:05.037709,226.12,346.08
f2bb5108-be88-48c3-b4e6-cd12ad84eaca,261b9215-4024-462a-9979-64f8b00999d9,8c6f05f5-fa4f-43f0-9a51-948456be6a06,accepted,2025-08-09 03:42:58.159828,276.22,585.87
f503529a-5645-42a6-b1b3-9bff0f7a7211,d43831a1-9cea-429b-a84b-22af07348285,f5a44647-2105-42d3-835d-80a338ffc5c9,rejected,2025-12-08 00:09:04.285720,383.29,427.17
1205c836-a60f-425b-8837-a511b891bad9,0a3b8825-e0f0-45fa-b4b4-9db2eca61a57,f25dea73-7080-412a-b175-b2038860a9f3,accepted,2025-07-08 16:16:00.768095,372.13,184.88
c085f511-d2ea-4f89-9d4a-bcd7df1894e2,42c02b48-632c-463f-bd8b-100cb9bf8008,018f27a3-0d0d-48e3-8ca7-d9816bf11b8c,accepted,2025-07-08 16:02:58.828301,69.3,405.15
608ff6c8-7bd3-4202-8665-56439bdabaaf,f5acc97a-fc6d-46e0-8e70-a5d5e53846c5,b997845e-76e8-4247-b0e4-5fe430a776c4,accepted,2025-06-17 14:50:45.016701,41.94,759.03
1412b999-7ff2-4020-a5c4-4084a783a409,10280f8e-21e3-4048-9233-a41d5e0e3f59,035d6ccf-b693-430c-8819-45ff5c725d89,accepted,2026-02-27 19:30:22.330082,271.58,349.76
c7d03585-72ad-4e07-b074-ad97d7279667,03180c60-860d-4c33-bfff-1ed7bb2b4f7c,5cf44aa1-0edc-4031-8cc0-5c60ac58f9ed,accepted,2025-11-22 09:03:05.095478,452.66,290.6
e9642722-fd02-42dd-a421-0f6b7ecef4e5,ab31c85c-baf2-4ba5-a460-a2d451d5bf18,b997845e-76e8-4247-b0e4-5fe430a776c4,pending,2025-09-05 17:51:41.458813,460.74,325.7
bdda9cf7-3e95-4449-96b8-50db1f3ee383,e68ff072-23fa-4c94-af0e-64b6a2b43a52,0d05f19b-0907-49b5-bedb-e7c72713ebb2,rejected,2025-04-18 20:11:51.563123,82.98,588.59
1002586c-f119-4dc0-8e60-fde23d1edd9a,1b952151-f07b-4781-b1cc-bcf8114ac3a1,c1b2b0a1-e231-46c4-a835-984ffe81ca2c,accepted,2025-04-16 16:49:35.488124,195.96,522.18
4452464f-809e-4c57-a1f7-75aeaa02962d,cab67abd-1d77-436d-9894-7bc6010610f7,00a10016-7c15-4db1-9c47-5e1230b78936,rejected,2025-08-21 06:16:08.280536,142.78,430.11
28ebc931-ae59-49b7-8e6d-4afc0be50724,b7391a7b-4663-423a-9935-ee965c0626b1,936a8ac7-9e87-48ce-84e3-ebc60c27eb83,pending,2025-12-13 11:25:52.529300,337.75,524.59
bdd2878a-e06b-47ac-ab32-85341c968d97,e2eff2bd-b74f-4a95-97fa-856b7cfc9695,4c4c3331-66e3-48c2-b51b-b539603203e1,accepted,2025-07-30 15:04:33.562555,220.05,307.3
e8902a23-9fab-4737-861f-e2732cf21749,9d153e47-c727-44ed-9669-58bda1b12f5a,6177632f-2c87-4384-bccf-c195c9c94aca,accepted,2025-05-03 01:06:14.017950,93.5,557.68
67229c78-aa29-4c59-8247-4589c2560327,0da1ae9d-279e-463e-8b47-de9accd46819,f5a44647-2105-42d3-835d-80a338ffc5c9,accepted,2025-04-07 10:19:18.886848,337.6,531.67
f4cd1896-f859-4f7d-ad46-a3044b1527f7,93f4a725-17fd-405d-be4d-d2011a5e6856,7c33cd8b-3dbf-4c22-a97a-a82aadf5a2e8,accepted,2026-02-28 22:05:05.705836,85.84,665.37
ff30ffc5-3b52-41d1-afbb-9a6c55bfbef0,b16938ab-1b2e-4a53-87d1-33b38a6d5ffa,fd65254e-1fdf-47fb-9053-fe8a4af48396,rejected,2025-10-07 16:07:29.187783,76.51,95.64
1146a666-01b4-4fae-9118-05b4f7cf5f24,cb685a60-40ce-4460-ae6e-a281c07e02c2,f769e189-ca17-40fd-ad2d-90cd57c685d0,accepted,2025-11-16 05:43:06.711655,115.88,214.08
7ab0673a-e6c6-4407-9a1f-09345e4d6a7c,edd456d2-b02f-4529-9e73-2b8781edccf5,40cc51a0-c68d-4912-977b-0ffc93a43d38,accepted,2025-08-13 13:35:34.575645,216.68,132.5
80a8cf31-f978-4b2c-830e-768ce2d9cdb9,9d153e47-c727-44ed-9669-58bda1b12f5a,f769e189-ca17-40fd-ad2d-90cd57c685d0,pending,2026-01-29 14:22:32.213252,350.34,387.13
63978f7f-7fc0-4911-b126-fd8657ca12f5,5883902a-75ac-4162-b218-c28dfc6780dc,5302660b-a17f-486b-8964-83e36d0889e8,accepted,2026-02-23 06:15:41.813084,62.72,92.79
17b949ec-342f-4110-912a-b25eae79723d,f8a2b4cc-18bf-4e7b-80a4-48efb6eb42e6,6b65021c-2086-4699-8355-05184f72e23c,accepted,2025-08-17 23:54:21.702011,475.73,624.72
04dcf5ef-7fa4-4d57-9626-40797f0c21ee,f6b30f76-fca3-48b5-b135-c2808b31edaa,d094cf7c-d718-407e-a344-6dd2f63e6c17,rejected,2026-02-14 00:36:31.942139,454.29,517.25
78b6ebb3-e2e6-4d86-85e2-714a887daa9c,10280f8e-21e3-4048-9233-a41d5e0e3f59,dba95e7f-4482-4b5c-acb0-5297ffd94e15,accepted,2025-04-04 07:30:25.363923,44.04,651.48
99e12ef2-f87c-4985-b345-c2d399525237,5ed0654d-e4f0-4f75-95cd-24446232eb80,a7aa7082-85de-4895-8813-f2985518a775,rejected,2025-06-29 13:50:00.282963,192.9,543.03
a4d21042-afbe-423d-a4cd-fcb07a9a976d,89816349-b063-423d-ac56-d4494d9a7d0e,60636fe1-8492-4acd-befe-9ebedf0c66d4,accepted,2025-07-08 15:23:42.422,428.6,712.78
e1a11852-94e5-4338-b54b-b6f41da9ba96,1ad05d9f-683d-463f-9bc5-4075851996b9,5cf44aa1-0edc-4031-8cc0-5c60ac58f9ed,accepted,2025-04-23 08:40:50.708334,101.85,289.23
33efa548-a177-42c8-8393-bcc9c58f4058,b78a5d7a-872f-40b7-95f1-7d3b6c157128,7c33cd8b-3dbf-4c22-a97a-a82aadf5a2e8,accepted,2025-09-17 20:23:58.787757,371.87,301.23
54854a1f-abc4-4e08-82e3-24fa0a16ec21,4d88fa7e-fd68-47ec-9f91-84a7690821ac,873238f7-7edb-47b2-a806-550c7e693cf1,accepted,2025-05-12 00:52:14.310793,212.12,367.95
54af0a9c-0f23-4f6f-b11d-76cf58280a8f,efeabb75-1718-451a-a0c6-db1d19c48aab,8c6f05f5-fa4f-43f0-9a51-948456be6a06,accepted,2025-09-08 15:17:58.478021,249.56,340.28
64d723cd-6813-4ef9-9a20-d2c480e865fc,282b477a-06ee-4242-8920-e7c3e31c9efa,b997845e-76e8-4247-b0e4-5fe430a776c4,accepted,2026-01-19 23:33:03.702035,354.16,51.62
9b2dae1d-1668-4132-9839-313a805f84e9,cbfb78dc-0686-45a3-b573-d09c888ec531,b3ea8d09-e790-4887-95b1-dc707dca7b71,accepted,2025-07-22 09:33:29.885544,457.39,388.73
d1bb6298-1638-48a7-b257-c3dc2e53d135,a77867c4-d885-4ef2-9c44-35dde72bbaf6,f25dea73-7080-412a-b175-b2038860a9f3,accepted,2025-10-05 16:37:57.775339,313.44,624.44
ecc90e01-b436-4533-8086-4a02a0307ca2,feab360e-2c1c-4b2f-9364-feeb44c80ec8,50974656-d769-47ff-a59b-a27f24e11f63,rejected,2025-04-27 11:36:00.509353,442.38,583.19
d7df2b0c-1fc5-44cd-92b5-43707f61cb31,92e8a2f1-5260-4d34-b7fb-08839c5e4876,c4dc6416-4d40-4175-8118-b1d90e621e08,accepted,2025-06-26 06:24:18.539697,254.3,710.64
1eb255d0-c3e5-4ec4-841a-5706603d69a5,9e12369b-5b12-477b-946a-8bea79e5d3d5,a7aa7082-85de-4895-8813-f2985518a775,accepted,2025-06-07 02:59:57.833703,334.39,14.83
a29f9195-db7a-4fa0-9be4-72872b8af2a6,17e4421b-31fb-4fa7-b3c9-c08cf42b0f77,f25dea73-7080-412a-b175-b2038860a9f3,accepted,2025-08-20 06:02:22.064520,376.94,580.4
0d03bd93-2cb2-441a-b68b-9cbeaa37cc18,87414bff-8910-4fe8-b60b-f889b782959b,6b65021c-2086-4699-8355-05184f72e23c,rejected,2025-10-07 09:50:01.555117,269.17,552.15
84a2b702-71c5-4e80-9565-16d026100e92,de9e9051-5eca-4a75-8537-9af9385c458d,5f8e2436-6b99-492e-a935-d63a30e779fb,accepted,2025-12-21 19:40:20.805457,368.79,388.13
a7d6e583-b740-4fd8-8b53-267ac655b86b,9fe9367c-1465-4cb5-b5e8-0a0d8f462d5f,f25dea73-7080-412a-b175-b2038860a9f3,accepted,2025-10-29 14:25:28.994103,91.35,662.02
a60dd0ab-f4c5-4214-96ca-0501913764cf,92e8a2f1-5260-4d34-b7fb-08839c5e4876,63ece0b3-1ef0-4c25-81ca-851af79de572,accepted,2025-11-18 01:13:36.884431,328.83,129.76
8444eaa7-2a4e-44eb-a524-f836c5bfb27f,d9898a1c-810f-430d-8ee4-4aeae22de05a,d35f8cff-4ac9-4e8a-979e-2d4a85453a70,rejected,2025-10-05 20:47:24.474618,437.32,64.52
a050a9fe-9542-4aaa-8203-9ccd6e609156,ccbffff6-70fe-4956-9594-fafd5f9e424a,1653a1a4-4584-40f8-b52e-6709d07ec937,accepted,2025-10-24 22:50:46.775450,485.67,45.03
787c9d1a-79fe-490c-99e5-f3d431aaf781,87414bff-8910-4fe8-b60b-f889b782959b,389371b8-47c5-482a-a759-abccc2a88c3a,accepted,2025-11-11 18:56:01.394517,213.57,191.82
031e2aa2-2ce5-4b73-903f-a9850231a812,d522190c-98e1-4463-b8f4-f541cfd073d6,b8c972f3-674a-4f8d-a777-78ba1d3bd532,rejected,2025-11-24 19:20:42.198767,235.09,685.99
a0b9d048-18c3-4963-b795-060ca1efe371,210bc1c4-0460-4f0e-aee2-05285db8861b,26a3c629-775f-47fe-9bf2-fed97b57847e,accepted,2025-03-27 02:20:22.891111,258.74,524.43
e4114184-dba3-4bd1-b8ed-d31d7e3ab214,40a71b71-628a-460f-b888-a90217a99f27,77c5d91a-18ba-43e3-ba0c-e15ac8283f69,accepted,2025-06-24 07:57:56.513225,287.42,5.13
34df08b7-2a10-4961-bc4c-038136434202,e790395d-980e-487c-b7d4-371d202b9c46,251e4416-1dcc-43b3-a541-f07fc103e1ea,pending,2025-12-19 23:38:30.882814,326.02,712.64
58d9b14d-8989-4101-b375-25f177a2377a,7bd067a0-e92b-4504-bcff-6cf0dacfea33,54f7dd2d-7254-425f-b0d8-2dff14e1103d,accepted,2026-02-16 02:31:11.265338,238.98,275.98
549e7bee-0737-4fac-84f8-5f29d0f57082,86cdec11-6a8b-44d3-8573-c4046e1d8fa0,4c4c3331-66e3-48c2-b51b-b539603203e1,rejected,2025-07-22 17:31:48.418014,425.27,268.92
3cad567c-6cae-4f75-8d1e-3d0bc42aab48,eddf97c9-7be6-4a99-b4c0-d82c0e05d778,7c33cd8b-3dbf-4c22-a97a-a82aadf5a2e8,accepted,2025-05-21 18:42:02.309447,364.0,293.82
48a2f5fc-c5d8-46fd-9dbf-20d6030a58bd,f7e90d67-0909-49f8-b7b5-11185567c5d6,263ce2ff-07e2-4491-905d-576405e14c59,accepted,2025-05-07 20:15:04.462330,336.28,6.75
549778b0-a556-4b82-b4e4-0a08f512f2b2,d047178e-6fed-4f9d-b9e5-820a5baf90a5,56c13f9a-ebc7-4bc0-8967-557465e7294a,pending,2025-11-11 14:40:06.102561,160.15,419.98
917bce3f-2720-47a2-9443-bdc1e557f167,4b53a6bb-9ddf-4cdf-984c-fa5db4dc14f1,857c4d41-5c3d-47d5-b8d7-b3ca644f24cf,accepted,2025-04-10 22:30:43.767782,98.79,116.66
78692483-02d0-41d4-9c44-d42ede29a939,65d786f5-e22f-486c-a498-92973425f1ca,1b909135-783c-48e4-b8b2-8d7167267a54,rejected,2025-12-12 03:41:59.982768,71.34,490.63
59ad3156-1777-4076-a363-e776d1cec8a9,ab31c85c-baf2-4ba5-a460-a2d451d5bf18,7319da71-2c44-479c-b37c-1efc7c24f997,pending,2026-03-06 11:11:56.671123,208.59,368.35
e675e426-ddc8-4034-bc4f-8aa519909d52,cb058594-0be5-4543-b516-6faf648a3bf6,a19c76c1-bfef-4ae2-bf22-ce651c1451c8,rejected,2025-04-19 00:52:07.980121,71.73,334.5
f95b0cad-33ad-40a7-adaa-1e347104eae1,fc106f0f-f7eb-44a2-88d2-565364623068,56c13f9a-ebc7-4bc0-8967-557465e7294a,rejected,2025-09-26 06:37:37.158580,302.63,618.86
313f3cf2-2eb4-4b43-b989-ce26d52a339e,2416f7f3-c99e-4880-8b40-185928a64d35,3c7767e7-4fd3-4165-9bd2-a54623f88b35,accepted,2025-07-31 22:10:22.545462,478.97,112.04
a69836f4-7799-4852-b9d1-2c5cc92768cb,e0de8565-49a7-49a9-a02c-c63bdbe51b72,5302660b-a17f-486b-8964-83e36d0889e8,accepted,2025-08-29 05:05:35.453780,43.31,748.57
24a7bfa7-581e-4f94-a7f0-6daba1bcc46e,d9606dea-bbf3-45b6-9a07-0ad16906ce0c,3f744130-ac9e-4b79-8aee-45ca108d1f0b,accepted,2025-05-13 00:21:17.961795,264.0,737.32
b65f6213-67a1-4023-8578-1fc7bdaf059c,c3fa236d-8172-4a88-8eaa-f8c6d72d19a1,97c01076-a980-4464-89ea-fec17a4f5dcb,accepted,2025-07-08 08:16:53.203490,370.64,107.06
8378b535-84d0-4b61-b364-3568b0e98436,4ab53451-90ff-4979-b5b2-377d3c425e6d,52350145-c4e7-48b8-8bf8-138cfa167256,accepted,2025-07-13 00:00:20.288235,443.69,405.77
65d7ebba-3611-4f70-a939-3034ea1ae1d7,44505e80-ac04-4bb1-9236-b0ffe504e0c7,a6b722cd-a21f-4f99-bb46-745f039e80d8,pending,2026-02-23 08:41:40.546663,459.64,611.09
486420f3-6008-4c70-9e88-b4a3f8d16dd3,434aa974-dc5a-4983-88e8-32956d862ad0,b2842d07-1c6f-4942-95a6-eb117e89a7e1,pending,2025-10-20 06:53:51.176400,485.84,365.01
d901f9cb-7b83-4f74-89d2-1fa9ff349752,781d890b-3c2c-44d5-aaa3-8e1c2f3dfac5,5cf44aa1-0edc-4031-8cc0-5c60ac58f9ed,accepted,2026-02-02 03:42:31.114509,356.01,600.0
b49db931-2881-42be-9e95-92b096815b11,95950db6-fce2-45dc-8b22-2105afc86d8a,3909e5a7-29f7-4857-943d-595530e0d2df,accepted,2025-05-12 08:19:08.938641,170.68,590.77
05f81f3e-5a1b-45a0-aca3-3264bd53fa25,a58fa048-b687-4966-b67c-27135d759059,cfc4f3e7-632f-4ea8-a05c-d3f43a5f33fa,accepted,2025-12-17 01:44:48.866475,120.66,572.94
67cd71c5-d99e-4e5b-a99e-161f3e75428f,03180c60-860d-4c33-bfff-1ed7bb2b4f7c,018f27a3-0d0d-48e3-8ca7-d9816bf11b8c,pending,2025-04-03 16:44:56.836409,83.68,569.77
f0c28e3e-316e-4b54-9286-436234ee4abc,5dd82a5b-ca0f-4270-9395-fc78ec0c97eb,c6506340-0e3c-47d8-ab5d-7e7c977db914,accepted,2025-04-15 07:40:01.726801,353.27,261.29
8ea1426d-d3bf-4134-b91e-5692477164ff,8bc55aad-7065-4604-9a3d-f38819946d1f,7e19da53-a92e-4e30-b261-d1fe6aef406e,accepted,2025-08-25 08:45:54.149117,250.58,458.66
d25b7082-403c-4055-9369-a4dd38ae7e4d,d1e1ac31-5d8b-4e99-b9f1-0271437bd4fe,b182a513-39f6-446a-8d09-f20ab016e260,accepted,2025-08-18 09:21:17.255227,378.98,673.9
ceac9741-82fc-40b0-93b4-6ddbd1a96ad4,63800913-3a47-45bf-8926-0590bfd4d43c,742da192-bcb9-4810-b704-bab2bfac2383,rejected,2025-10-24 06:01:32.298750,270.91,25.09
2771e5e2-8075-448b-94e2-8b9d445e530f,966ce9be-14ae-492f-b1a0-6e1f5e75c6cc,4c4c3331-66e3-48c2-b51b-b539603203e1,accepted,2025-08-14 19:10:41.871858,115.95,601.4
ffc6977f-4a62-4448-9c40-3a5d3f8ec3ca,226a19da-5b4c-4567-be5d-ffbb5d776edc,1b375bf6-a284-4fe3-b1af-b8fbb696a744,accepted,2025-06-03 06:10:07.928957,90.29,54.32
652f221e-38cc-431c-b5e6-28fd0a2c84cb,a8c09877-9ce7-4701-9d66-0d50cbe9a075,dba95e7f-4482-4b5c-acb0-5297ffd94e15,accepted,2025-09-19 15:38:52.112741,279.76,290.15
547c5b4b-db86-4d5f-92f5-4285205d274b,f7e90d67-0909-49f8-b7b5-11185567c5d6,857c4d41-5c3d-47d5-b8d7-b3ca644f24cf,accepted,2025-07-20 14:14:43.674776,344.25,451.7
2e7fddaf-c5a2-40eb-a9a9-48869d43f5f6,87414bff-8910-4fe8-b60b-f889b782959b,1b909135-783c-48e4-b8b2-8d7167267a54,accepted,2025-04-26 00:34:34.266445,206.67,411.18
43e8331b-d641-43dd-9279-eec6b3d2255e,6ed049e2-7aa5-4eef-8b8f-828070065c2d,3909e5a7-29f7-4857-943d-595530e0d2df,accepted,2025-11-19 05:38:17.997780,338.96,741.56
a9e7eb0b-6002-4b76-8f94-dc4a363dff07,4ab53451-90ff-4979-b5b2-377d3c425e6d,a6b722cd-a21f-4f99-bb46-745f039e80d8,pending,2025-10-19 03:48:55.952187,488.39,253.56
f2665d96-91b4-4a71-86fa-12b0abb620e3,f09a1366-76a5-4975-8cb4-4bf6361c6e1f,4c4c3331-66e3-48c2-b51b-b539603203e1,accepted,2025-09-24 23:31:15.508670,140.64,498.35
ce4c94bd-a41e-4b7b-8cdf-341aa1c9df4a,db7ab169-e8be-4caa-abb7-7214ac7f1f18,b8c972f3-674a-4f8d-a777-78ba1d3bd532,rejected,2025-07-07 04:04:24.325931,457.51,565.18
10c10b0c-df89-47d0-a45b-411eefa74504,58797f5c-8c3d-4298-902b-d44ac4cd582a,e7be4fc8-7147-48af-b288-dd4ed6489a2c,rejected,2025-06-05 01:33:17.052286,282.38,484.69
1355e2be-21b4-40f0-a7de-2f857be74e30,4b3971c4-1024-4123-a281-beeffac51282,d094cf7c-d718-407e-a344-6dd2f63e6c17,pending,2026-03-11 01:57:26.745986,161.21,146.05
25ca2305-29f0-4ce3-b3fd-0efc1582406b,f2cbe48c-6deb-4e79-82b0-c57d1474b139,1138d370-4335-41eb-a651-b802501e501d,accepted,2025-04-05 12:44:54.802518,103.42,413.51
1c8d47ea-bc5f-493e-8f3b-e2d0d8b3556c,3d378740-2f9e-464a-9f92-61d65bdfc7f2,a7aa7082-85de-4895-8813-f2985518a775,accepted,2025-05-30 04:28:01.567526,287.17,108.4
d9904f88-5dce-4459-bf9c-b0079fb39956,04bd5851-d32a-45c3-97c5-feba050016e2,6177632f-2c87-4384-bccf-c195c9c94aca,accepted,2026-02-24 19:01:37.655052,243.84,750.31
68494392-ff8e-4a6d-969a-408d963fed2d,7bbed418-fa66-4426-b70e-92845617b046,22078e3d-b5a5-4b55-905a-152ceeeec304,pending,2025-12-21 18:56:41.453002,306.5,620.06
e3baa65e-6a2b-4446-96d0-57fe823e3fd6,7d141f25-890f-47aa-bdac-11c2d8ddfedf,63ece0b3-1ef0-4c25-81ca-851af79de572,rejected,2025-12-20 14:59:38.649061,164.55,632.98
d50cdaf6-719d-4a69-a41d-1bf553e1e49c,0128a9c1-93f5-455e-952f-91ebb3808ea4,51fd3b2b-5a6e-4633-9995-dcf0845b9136,accepted,2025-06-30 05:46:01.705786,359.69,422.69
90854d18-3fb2-4593-a1dd-9284eca231e2,70bb5c4f-d45e-4978-821d-97662ce31845,873238f7-7edb-47b2-a806-550c7e693cf1,accepted,2025-04-29 08:17:49.258449,397.4,131.7
b217fea0-9611-4f25-90eb-25f665c6f380,ef723474-fe63-48f7-a484-269b8c6f3fa5,a8528709-0c4c-413f-9d08-b8ce4495b6b4,accepted,2025-09-14 04:30:12.505324,187.71,707.3
35e68fbe-2620-4fa9-871e-f274e1693948,9fe9367c-1465-4cb5-b5e8-0a0d8f462d5f,0f3a939b-b21c-4d3e-8425-1a42711e85c7,accepted,2025-08-20 19:33:41.500363,160.92,760.5
2660346e-2b60-45dc-816b-1ffca7987e30,de9e9051-5eca-4a75-8537-9af9385c458d,c5413235-9648-43ad-93db-50df7e4728f0,accepted,2025-05-02 16:57:14.085390,289.44,602.95
ddeb7e7c-cbe9-4533-836b-2158e9596218,28b38755-dadb-4322-9ca7-e93f33b951f9,f5a44647-2105-42d3-835d-80a338ffc5c9,accepted,2025-09-27 01:01:55.549912,186.08,196.08
c9126309-2112-461f-9b13-bd8007615143,8988a98a-245f-4287-a2eb-1913c0799d6d,63ece0b3-1ef0-4c25-81ca-851af79de572,pending,2025-06-08 13:38:18.118002,137.04,36.7
b12004a0-50da-45c8-b0a3-a08aee3e9116,282b477a-06ee-4242-8920-e7c3e31c9efa,1653a1a4-4584-40f8-b52e-6709d07ec937,accepted,2025-10-06 14:10:47.122089,402.18,95.13
1cfa632a-c829-4eef-b014-28d515485d4c,96e45cb9-b701-4e4f-a0ba-58948ffacaa0,fe88bccc-8c57-4913-9055-77a8fb7e0e89,rejected,2025-11-15 12:29:34.791047,31.86,415.91
18b37ff1-8454-4a96-a865-0164998415a2,4cd6495f-b0e2-497b-9bfc-d6979ab3feea,e7be4fc8-7147-48af-b288-dd4ed6489a2c,accepted,2025-07-23 21:05:14.926462,264.19,392.01
6118b2dc-df28-4876-ba93-4d4abe81ce18,6bcfd60f-688c-4351-bacf-0292c62b3c54,6a360ddf-abaa-40c3-b583-1e53e92f4c22,accepted,2025-08-08 13:10:25.218932,266.67,758.83
66d3f216-0e14-4493-9eb3-88d273b3823e,b24b4775-27e7-4274-97f7-405956e7d3d0,9018fed1-b9a6-43d5-ab86-6c5e27adf7d5,accepted,2025-12-12 13:05:57.269045,23.52,57.05
8fff01b1-684b-4fc4-b541-df63e1206faf,8869f9b1-78f4-4bf6-87c8-0cf46e62bba8,cfc4f3e7-632f-4ea8-a05c-d3f43a5f33fa,rejected,2025-08-22 20:20:21.613609,435.18,342.25
9fcc944d-f544-4f18-a799-746c13f32099,b16938ab-1b2e-4a53-87d1-33b38a6d5ffa,54f7dd2d-7254-425f-b0d8-2dff14e1103d,accepted,2025-08-31 10:38:18.503371,357.32,781.1
8fe1a892-3f54-4a85-9ff4-9864ef901828,298e0525-3d02-4229-b393-d8c71ff00481,11d1e926-5c44-447c-87fd-2982a0af2db4,accepted,2025-04-13 23:04:04.887234,471.08,598.78
708c3798-5fd3-45c4-8b4b-dc9ef24cd164,39017c89-3dd1-4604-a7c6-251799776f52,50974656-d769-47ff-a59b-a27f24e11f63,accepted,2025-07-08 20:45:26.674278,179.22,74.58
7c5b4f98-700b-4a3c-a406-3a58a1848e19,fe4af60e-3724-4d14-a4b8-f73c4d36499b,c6506340-0e3c-47d8-ab5d-7e7c977db914,rejected,2025-08-20 07:32:45.891744,287.88,462.1
2fdd235e-91cd-495a-bf2e-33e51d93ad91,e68ff072-23fa-4c94-af0e-64b6a2b43a52,2bb2ee77-61e9-44d2-b9f2-651149a42f98,accepted,2025-08-11 05:37:01.198690,236.54,326.54
e96fdfca-0b49-4644-866b-33da4f52f345,780cad91-ae51-4b94-b598-58060a75a6b8,29d07ba3-45fc-4b4a-9ef1-5673146836d5,accepted,2025-11-05 07:52:16.652734,76.79,9.69
7a39f33a-69c8-4ac3-8641-9d8a123a5714,9174f732-5196-4ed2-b8dd-6b2cc2e4e880,7c33cd8b-3dbf-4c22-a97a-a82aadf5a2e8,accepted,2025-06-30 06:21:49.910655,378.06,41.19
bb683b22-1175-4cd5-9897-3f358c8555e8,d9898a1c-810f-430d-8ee4-4aeae22de05a,1138d370-4335-41eb-a651-b802501e501d,accepted,2025-08-11 10:57:32.585520,261.36,235.42
422212cf-d099-4007-86bd-268216e65cac,03180c60-860d-4c33-bfff-1ed7bb2b4f7c,afc5b393-2c72-44ad-a624-258166f88025,accepted,2026-03-04 10:01:03.573214,155.13,741.72
b27ce6cf-83e1-4912-b016-f149f70af7cd,a2621da2-207e-411d-abe1-1b0015bd9d96,b2842d07-1c6f-4942-95a6-eb117e89a7e1,rejected,2025-05-18 07:08:31.584982,34.79,129.28
342511df-9cbe-45a9-8879-77067a2132a4,bbc6f522-d2b6-4b25-9a1f-704ba157585f,5cf44aa1-0edc-4031-8cc0-5c60ac58f9ed,rejected,2026-02-25 15:06:09.589247,402.45,680.33
c73ea59e-d4a6-430d-a113-dbdd35e62e42,6bcfd60f-688c-4351-bacf-0292c62b3c54,56c13f9a-ebc7-4bc0-8967-557465e7294a,accepted,2025-08-31 13:38:31.467481,345.1,731.76
c38bc68b-12e6-4fa0-bd1a-1aa94c0a6c56,6ed049e2-7aa5-4eef-8b8f-828070065c2d,035d6ccf-b693-430c-8819-45ff5c725d89,accepted,2025-11-23 09:29:57.009317,479.55,13.86
ad9bc5dc-14e4-442d-a5e7-1d2e17a1c8c2,5ed0654d-e4f0-4f75-95cd-24446232eb80,11ae5623-ce89-46cc-92fb-179d341136d2,accepted,2025-07-26 16:27:24.848165,40.05,460.31
0adf1644-62f6-402f-a306-4c736f4de9eb,ed9b2686-2b4a-40ee-96c1-eb360ee5c2e8,a8528709-0c4c-413f-9d08-b8ce4495b6b4,accepted,2025-08-23 00:39:13.335925,60.86,171.99
172d66af-bee2-4013-92c7-bddd87ae29e2,453f50a0-6124-40c4-9c57-acb67b1c580d,d094cf7c-d718-407e-a344-6dd2f63e6c17,accepted,2025-04-24 04:30:49.952697,218.07,518.52
2d455ff1-b451-49ab-bbdd-f334260c8d29,8ce7f1a8-61c9-42b1-81be-47123cc6be2c,9db9508a-aa73-415d-8ad6-5a455849f155,accepted,2025-08-22 15:34:44.142055,125.98,668.62
3c5002dd-f81f-4580-87e0-0a1757b299c0,dbb05de1-95c3-4360-ae81-61927718bca2,263ce2ff-07e2-4491-905d-576405e14c59,accepted,2025-08-09 18:47:24.134735,403.84,682.54
64a9b65f-b0b4-4e15-8ee7-39fbd4dda27f,eb4f49a8-8ba2-4a6b-a8b7-f719482666eb,7bffd16d-2688-4d5b-bcf6-c5ab8782302d,pending,2025-04-14 05:56:40.376866,497.27,371.71
e6ae56d9-705c-4c99-b258-38569f67156d,0128a9c1-93f5-455e-952f-91ebb3808ea4,1138d370-4335-41eb-a651-b802501e501d,accepted,2026-01-28 11:21:04.183433,52.33,83.07
10a65fd9-fe28-40a0-82db-beb516ac6a69,2bd79cb9-f32a-4f50-b9e4-848b816cf7eb,3f744130-ac9e-4b79-8aee-45ca108d1f0b,accepted,2025-12-13 22:05:21.016269,178.81,106.93
68100f80-c3f2-4630-979f-84cc989ee29a,6d76f419-5c6a-4a25-b9d0-467b4cb35a64,2b5b2f3b-8df9-4db0-8ecf-963a855ebce2,accepted,2025-06-05 10:47:25.967502,317.37,720.59
1633a60d-7f3e-41e0-97b9-b485bdca5c5b,a1a46432-612e-4d57-bd5c-2ed9aebe9b65,3208ebc8-095f-4a0c-a0df-69c8a220c748,accepted,2025-12-26 02:06:11.892396,315.84,248.01
c1b21ae8-b6b9-4141-be24-d433001acb5a,04bd5851-d32a-45c3-97c5-feba050016e2,22078e3d-b5a5-4b55-905a-152ceeeec304,accepted,2025-04-13 10:03:58.850760,194.96,256.48
2813ed52-7844-4a3a-96ad-f13f2eae7b38,51cbb1e7-b2b7-4c7b-aa20-06d15638712f,b997845e-76e8-4247-b0e4-5fe430a776c4,accepted,2025-11-02 19:14:18.644203,138.16,181.11
15206b1e-d5f0-49a4-956b-fb3bf6e2e0b6,4d44f00e-1409-4a49-bf0e-63a6282b1d57,4ff1a953-3c1a-4939-be70-7f98ac406bbf,accepted,2025-09-26 07:41:51.249450,423.25,111.77
d644379f-6014-40de-b4ed-4710d59c5c08,0c83471a-c684-4a00-9185-669fe1188a15,0f3a939b-b21c-4d3e-8425-1a42711e85c7,rejected,2025-05-26 08:15:23.068086,242.17,290.2
c672f495-c9b8-4869-986c-d3a0c6a477b9,f5acc97a-fc6d-46e0-8e70-a5d5e53846c5,3208ebc8-095f-4a0c-a0df-69c8a220c748,accepted,2025-12-25 00:46:24.308536,104.37,487.27
af1d76c0-9d24-4ae0-9138-e530693d51f2,3b831e17-a50f-4e3b-a90e-5ae9037ba03a,98c5db73-d239-4ac1-8b85-1299a8f5ce9f,rejected,2025-07-22 18:11:56.645719,87.2,433.2
099e7a22-1839-42e6-91a1-3df510be5ab9,732b37d6-188c-47a3-927a-e0adbfc0aa2f,035d6ccf-b693-430c-8819-45ff5c725d89,rejected,2026-03-01 12:05:56.253339,56.7,64.94
043d5d64-6c6d-4572-8bdb-c95fa77c823e,0a3b8825-e0f0-45fa-b4b4-9db2eca61a57,c1b2b0a1-e231-46c4-a835-984ffe81ca2c,accepted,2025-11-07 06:20:28.602037,410.07,465.23
94f8df14-bb6a-451e-9462-7f8b57518477,b512da22-4a7a-491d-95ff-0f77f214eb5d,9fb282ff-daad-49b1-bd4f-23a9eb6cdb16,accepted,2025-05-09 11:09:24.164454,37.6,212.19
b86a6f4d-d22c-4797-96bf-5ca85dccd36d,3fe7dec2-bf32-4d5a-876c-36d98bd0f50d,fe88bccc-8c57-4913-9055-77a8fb7e0e89,accepted,2025-04-23 01:42:10.342688,392.09,295.83
eac5375e-95db-4ae7-bb2a-299597371886,87414bff-8910-4fe8-b60b-f889b782959b,9018fed1-b9a6-43d5-ab86-6c5e27adf7d5,accepted,2025-06-18 00:17:56.606098,431.44,111.44
a9928a73-8bed-49db-9fdc-25591a560d65,4e3802f4-a4c9-427d-8457-85eb177abf78,fd65254e-1fdf-47fb-9053-fe8a4af48396,accepted,2025-05-18 21:23:37.847463,194.66,13.42
3795debc-779b-4942-8b62-97799817a534,60aaac91-bc56-4857-a1a9-aab02198a28d,63ece0b3-1ef0-4c25-81ca-851af79de572,accepted,2025-05-11 08:33:46.574036,383.46,116.59
e5c5cd62-b8bc-4d00-b969-4f425b08bea3,0272dc88-73e1-4a73-992b-7b19eed9284b,c6506340-0e3c-47d8-ab5d-7e7c977db914,accepted,2025-12-18 19:05:26.240870,291.59,698.4
4d49a2c3-30e6-4063-b7be-3d4357161b5a,966ce9be-14ae-492f-b1a0-6e1f5e75c6cc,60636fe1-8492-4acd-befe-9ebedf0c66d4,rejected,2025-04-13 01:04:18.361071,470.8,37.13
00bf757a-e8e3-40f2-a7bc-a58e2cf689de,a5fa8c95-3385-4517-b1b6-b77b0e73758a,3208ebc8-095f-4a0c-a0df-69c8a220c748,accepted,2026-02-26 23:20:29.939145,146.89,191.04
2bf94570-dd5d-4ec5-837f-1ecd46844e67,1a94dbc9-44ca-4a6c-95b7-b5e525825924,54f7dd2d-7254-425f-b0d8-2dff14e1103d,accepted,2025-10-31 20:59:28.623264,399.9,313.53
4b365d7f-ce18-498d-a605-9aefcf96219d,47e55e9c-3521-4c9f-a361-d34a285ec500,3c7767e7-4fd3-4165-9bd2-a54623f88b35,rejected,2025-09-01 23:26:39.499455,39.15,520.58
1e9bb86d-1e7e-49d7-a3ba-4875685edc7a,40a71b71-628a-460f-b888-a90217a99f27,b182a513-39f6-446a-8d09-f20ab016e260,pending,2025-10-08 10:06:46.819947,324.11,222.43
55b66ff2-afc3-4dc2-adc8-87696d188f00,453f50a0-6124-40c4-9c57-acb67b1c580d,2bb2ee77-61e9-44d2-b9f2-651149a42f98,accepted,2025-10-14 04:01:16.527292,293.68,304.44
cc5c7f09-98dd-4608-a2e8-19920aa7adfb,3d378740-2f9e-464a-9f92-61d65bdfc7f2,9203a533-4266-4bca-84d9-a886633d9239,accepted,2025-11-20 07:11:44.355943,451.15,66.88
307652bb-77d2-4eaf-88b0-90cd60afd5ea,601aa47f-75fd-4bc5-8457-109676429541,00a10016-7c15-4db1-9c47-5e1230b78936,pending,2026-02-01 16:21:55.816890,126.99,327.64
28d86bf4-eeee-4692-8e7e-d2494b991f6d,3321a920-687e-400c-a02c-2dc697a9fb6f,018f27a3-0d0d-48e3-8ca7-d9816bf11b8c,accepted,2025-11-06 08:51:18.450659,251.41,485.35
f1e177ee-83df-4981-85eb-f30d845b9746,4e3802f4-a4c9-427d-8457-85eb177abf78,5cf44aa1-0edc-4031-8cc0-5c60ac58f9ed,accepted,2026-03-11 20:14:43.230266,130.4,414.06
3d5adadd-f0f7-46b7-b1a3-cc5c2003165f,d9747fb1-b5c1-4ca1-93e9-b70045be80ed,064e29b3-d583-4927-a43a-624234454454,accepted,2025-07-12 13:42:32.154564,95.53,483.61
6d904202-9cff-40e2-b60c-ff4fc5cdf60b,3321a920-687e-400c-a02c-2dc697a9fb6f,7319da71-2c44-479c-b37c-1efc7c24f997,accepted,2026-03-06 03:51:35.650328,219.01,267.53
9fc1752b-ffb7-4e9c-9092-9b8c1671534f,3db98894-4223-482e-9260-8277a6e373ca,c692f093-256c-44d3-be28-270059633f56,accepted,2025-07-09 23:44:26.632771,249.93,474.68
4649fe0c-7b44-414d-a4ad-7c67033a4c38,58797f5c-8c3d-4298-902b-d44ac4cd582a,27e68da6-e956-402b-82f7-f7c8cfc39e90,accepted,2025-08-24 03:23:54.097917,40.71,460.92
81a1f3eb-00e5-4379-8c89-1eae1712fd37,226a19da-5b4c-4567-be5d-ffbb5d776edc,5cf44aa1-0edc-4031-8cc0-5c60ac58f9ed,accepted,2025-09-03 18:59:33.837676,38.81,459.95
62af095e-fff4-46f2-8626-c5dcc1d70dd5,cda3be38-8a4a-4c84-8655-7d4f4e277e08,b997845e-76e8-4247-b0e4-5fe430a776c4,accepted,2025-11-02 03:06:48.546971,106.42,766.8
1db4979c-b725-4ccb-8d86-dd967fafe6a5,5c464c10-b772-4b03-a505-5b2ac2dfd338,41f0a418-8a72-45df-8e28-6f8dfe6dcce6,accepted,2026-01-01 08:58:40.453946,441.68,583.74
b7d8690a-0f6a-456f-bf4d-7b23896603b4,e418bb89-3dd3-4f3f-ab55-a6a2c10f1c7e,1b375bf6-a284-4fe3-b1af-b8fbb696a744,pending,2025-10-18 12:47:12.131501,123.96,487.19
7984ef22-d4d1-4958-9b9e-c70538e2ef44,79461233-5e66-494e-8278-9b2645613ef4,c692f093-256c-44d3-be28-270059633f56,accepted,2025-07-23 01:35:02.806475,418.57,482.67
19f613e6-9ca2-4881-b9c6-e14509e25dbf,c9477322-b70f-4f5f-9000-b7b9c611757f,3f744130-ac9e-4b79-8aee-45ca108d1f0b,rejected,2025-04-12 14:52:49.950527,107.3,529.42
d4704a0f-bc2f-4618-bb9d-c9938f56f9c9,dc63c09e-64c7-4ddf-9f72-e44fdaf095a7,b997845e-76e8-4247-b0e4-5fe430a776c4,rejected,2025-09-01 04:04:00.744774,184.48,365.51
702dd8c3-4cea-45cb-be7e-f1fd7fff54cc,a206b8d6-b3f8-47c5-8a8a-3df1828dc77a,806fc8a8-1f0f-4371-9bf3-5c7878720973,accepted,2025-03-30 06:11:56.920174,205.02,91.31
5036a1fb-cc1e-43af-a63a-050b7844e95a,a613cc04-e2e4-4a12-a4ce-df533448f244,fac51ffd-8aaa-46f2-a9c3-bff2a2a9473e,rejected,2025-07-29 04:48:30.080374,262.09,338.74
492fe978-9853-4206-8d16-2fdd9038fc68,ace22025-b362-41bc-938d-e53412a2e5dc,251e4416-1dcc-43b3-a541-f07fc103e1ea,accepted,2025-06-29 08:59:29.129463,248.42,493.72
b4f989d4-0ca6-4abb-8b67-c141f1e5a393,cab67abd-1d77-436d-9894-7bc6010610f7,a8528709-0c4c-413f-9d08-b8ce4495b6b4,accepted,2025-11-06 23:32:04.588457,76.41,388.38
1d944eca-c77b-48ac-a887-6778486fc5fd,7b39df0f-468a-44b8-a1c0-70d0a8240b8e,251e4416-1dcc-43b3-a541-f07fc103e1ea,accepted,2026-03-08 11:55:15.755856,20.58,750.5
5b159b4c-7821-4f27-a40d-36f1b4225554,99f85de8-a328-4eea-b156-a2231ce0f144,6a360ddf-abaa-40c3-b583-1e53e92f4c22,accepted,2025-04-18 12:03:37.938871,221.93,700.49
64b13533-6d66-456f-a624-0aeb97fdb25a,9a7a7124-f751-4999-b93c-852e79f73f16,c5413235-9648-43ad-93db-50df7e4728f0,accepted,2025-10-19 12:06:14.999411,470.44,388.29
91212ecc-8055-4668-9e9c-ba81bcbf5ca3,b512da22-4a7a-491d-95ff-0f77f214eb5d,00a10016-7c15-4db1-9c47-5e1230b78936,accepted,2025-08-03 22:49:27.010139,406.22,726.75
81929a37-0048-4afa-b3f6-8a5be4a0ae18,dd9a946e-c9c6-4744-93bd-4fd0a2a3c495,3909e5a7-29f7-4857-943d-595530e0d2df,accepted,2025-10-14 11:34:16.902711,224.23,207.34
4054e45d-18cd-46b9-b5b0-f5500e846427,eddf97c9-7be6-4a99-b4c0-d82c0e05d778,932b36d0-b1d4-440c-9bb7-46ab913172e1,pending,2026-02-28 01:06:25.793831,60.23,480.64
48ad77a6-4ee7-447e-9f3a-230e58171d84,ef723474-fe63-48f7-a484-269b8c6f3fa5,27e68da6-e956-402b-82f7-f7c8cfc39e90,accepted,2025-12-11 09:44:51.357095,22.63,596.2
5672bdca-ef1f-4964-8d2d-b866ae3958bc,a04372e4-76f5-4967-880e-6a935f269acc,2099ff17-cf39-4cd0-a792-f8bd8f41db6f,accepted,2025-03-31 12:08:17.951060,269.49,303.15
18b66a7e-d12f-4f8e-bdde-06ea9fa5f730,4e118a73-d7a6-4b66-b7d3-2128163afa70,97c01076-a980-4464-89ea-fec17a4f5dcb,rejected,2026-02-11 13:03:24.490407,216.25,89.73
ffdb8296-059f-4133-83a9-48f19cada44c,89816349-b063-423d-ac56-d4494d9a7d0e,6a360ddf-abaa-40c3-b583-1e53e92f4c22,accepted,2025-10-11 07:32:54.137057,145.43,431.2
b681d145-9a1b-4f06-acff-c76287aa37fe,fb8be8ca-f03e-4a2f-af19-2972d50d7d7b,9203a533-4266-4bca-84d9-a886633d9239,accepted,2025-05-24 06:36:18.103971,496.06,320.98
a6dd115c-a925-41f6-be0a-ea0b3d1ae319,9b43489e-0bf5-41f4-bd62-e974f4654451,27e68da6-e956-402b-82f7-f7c8cfc39e90,accepted,2025-10-23 11:52:44.384209,287.63,147.08
9791068f-f38d-49d9-8cc8-2fab6c7aefe2,3a9a764f-9591-446a-b9b2-28532b16393a,11ae5623-ce89-46cc-92fb-179d341136d2,accepted,2025-09-15 15:24:30.584233,494.48,464.23
aae90050-cd82-4031-ba13-040e26166f52,298e0525-3d02-4229-b393-d8c71ff00481,b182a513-39f6-446a-8d09-f20ab016e260,accepted,2026-03-01 07:42:26.640050,86.27,691.75
db7afcd1-65cb-47aa-ba9b-b4735ec1d0ab,283c2517-c1e5-43bd-953d-a80e758b5f2b,1b909135-783c-48e4-b8b2-8d7167267a54,accepted,2025-08-28 01:43:13.813088,395.89,759.65
71b4b890-91b4-43c5-91cb-a99135cb4dde,dc164af1-3157-4c0c-96fa-74502a33e296,064e29b3-d583-4927-a43a-624234454454,accepted,2026-01-06 17:17:00.569670,397.32,641.68
6ba25955-f7a1-40b0-8a86-808b7ddd29a7,0f9a68aa-c1b4-4b95-bd04-e17829e5ee93,3909e5a7-29f7-4857-943d-595530e0d2df,accepted,2026-01-16 08:47:25.546383,44.99,314.34
055f0b0b-433d-4a5e-90c4-c451b0fb7e02,72fee8c6-ac2f-4910-8341-c1daafb449c7,5302660b-a17f-486b-8964-83e36d0889e8,rejected,2026-03-10 07:53:57.432771,415.16,379.98
3a9d228b-1ab8-46d6-89eb-6918e40ca6d1,b0c2d8f4-17c2-4b07-9b90-ee647d2057c8,11d1e926-5c44-447c-87fd-2982a0af2db4,accepted,2025-04-16 07:45:07.156408,146.28,299.81
e514ecb5-9538-460a-9d35-a15e141cc558,15744e9f-cae8-4d5f-8bdb-f2aff65e84a2,f76bf6d5-a9bc-47b1-bcf6-6f988d83d9c4,rejected,2025-11-07 12:20:17.037670,466.73,323.51
466a07ce-606a-4dee-9ca6-35ae4c220c6b,6d76f419-5c6a-4a25-b9d0-467b4cb35a64,fac51ffd-8aaa-46f2-a9c3-bff2a2a9473e,accepted,2025-03-30 19:39:12.742993,482.49,50.68
13b5421a-f17f-493b-a6ea-d9e2ec0c8cc8,298e0525-3d02-4229-b393-d8c71ff00481,c6506340-0e3c-47d8-ab5d-7e7c977db914,accepted,2025-11-29 23:23:06.311200,230.71,165.36
8b0ddf6b-5154-42b2-8756-32eb021a5746,79af3874-bcd4-4a20-9d3d-41a508fbcde6,fac51ffd-8aaa-46f2-a9c3-bff2a2a9473e,accepted,2026-03-13 11:17:19.296358,36.13,481.61
81540059-a85b-4012-a9b9-8f9d6edc9447,407a0511-2059-4b54-ab02-07e153351de3,3909e5a7-29f7-4857-943d-595530e0d2df,accepted,2025-09-23 22:24:07.978293,101.35,33.67
4d02010c-08b5-415d-9822-42952ebca142,60aaac91-bc56-4857-a1a9-aab02198a28d,6a360ddf-abaa-40c3-b583-1e53e92f4c22,accepted,2025-10-25 05:57:03.218697,95.57,797.47
c8107063-7925-46bb-8274-a1b4698d2bf0,db7ab169-e8be-4caa-abb7-7214ac7f1f18,77c5d91a-18ba-43e3-ba0c-e15ac8283f69,accepted,2025-07-27 10:23:06.844741,209.67,470.93
2b9606ac-e2b5-409b-beb7-4ed02356bf53,41b2786c-2f9c-412c-8bdc-742eeccfbb23,f5a44647-2105-42d3-835d-80a338ffc5c9,rejected,2026-02-14 18:57:23.918852,52.94,76.68
43ab638a-402b-4f0b-8975-ada2d9cadcc5,76365a31-b340-4bdb-b277-79f57318a46e,d094cf7c-d718-407e-a344-6dd2f63e6c17,rejected,2025-08-05 00:32:37.090899,459.2,281.74
3a409ce4-a061-4bf8-9e6a-93792b39a819,80b09902-235a-4542-9acf-776918a4b39e,98c5db73-d239-4ac1-8b85-1299a8f5ce9f,accepted,2025-12-24 09:18:55.874317,482.27,366.53
b87762cd-4c0c-47a6-a121-2d11d584e33e,10f46768-90c4-4ab5-858e-b345b8c212b0,2099ff17-cf39-4cd0-a792-f8bd8f41db6f,accepted,2025-11-19 11:35:51.138700,104.02,407.46
43ae1024-9acc-4524-b1b0-b7bc3f1b837b,3a9a764f-9591-446a-b9b2-28532b16393a,1138d370-4335-41eb-a651-b802501e501d,accepted,2025-04-04 15:33:59.812387,183.18,98.02
ec9b8bef-c8fc-4bc1-8c5b-888bb52763ab,8ce7f1a8-61c9-42b1-81be-47123cc6be2c,6177632f-2c87-4384-bccf-c195c9c94aca,rejected,2025-11-01 22:44:36.075610,410.31,462.04
448e51a6-84b0-4243-9f70-92a489e8f489,d71b41fa-b2c2-4b8c-a5a9-63e1be9c466c,b8c972f3-674a-4f8d-a777-78ba1d3bd532,pending,2025-07-16 17:59:56.104054,290.32,617.12
c89286ab-b874-4e11-b445-b41a4f21b0af,f5aae511-6dc2-47d0-8231-46c92e0c4d19,586992ed-a9e3-4bf9-9818-cf57262f3b16,pending,2025-07-14 22:31:59.120891,240.25,371.27
0bcbc7e8-cb3b-4067-99dc-e598adce23a2,3e4a3279-2bdc-4be2-b6b3-48d3c74641f1,50974656-d769-47ff-a59b-a27f24e11f63,accepted,2025-10-06 07:30:52.791999,143.75,309.23
e88085e9-c510-4e4f-9966-d504631db585,68c79e23-1dc6-40b0-b0b6-97ce09270de5,0d05f19b-0907-49b5-bedb-e7c72713ebb2,accepted,2025-08-04 17:04:19.555517,130.37,256.01
f266d01f-b742-4664-8ee2-37d3d07cf391,70bb5c4f-d45e-4978-821d-97662ce31845,51fd3b2b-5a6e-4633-9995-dcf0845b9136,accepted,2025-06-16 13:28:39.459290,24.67,666.58
eaf4ab0a-bca7-47b0-a9e5-efab763e8ff2,11ca05cf-a891-4f0a-b3e5-3577e2511447,1b375bf6-a284-4fe3-b1af-b8fbb696a744,accepted,2026-01-21 13:10:06.652835,343.38,657.75
a8103219-e71d-466f-a334-9303aa7bca65,f6b30f76-fca3-48b5-b135-c2808b31edaa,389371b8-47c5-482a-a759-abccc2a88c3a,pending,2026-03-03 18:19:47.669984,248.75,286.06
df6f1cfa-2acb-426a-a6f1-ea2352c48dc4,3fe7dec2-bf32-4d5a-876c-36d98bd0f50d,2099ff17-cf39-4cd0-a792-f8bd8f41db6f,accepted,2025-10-22 15:40:25.463673,474.62,548.07
59b4bf85-4600-452e-a291-aff8cf06aad6,8ce6f327-f541-4eb9-adb3-a82fedc07fe2,a19c76c1-bfef-4ae2-bf22-ce651c1451c8,accepted,2025-05-10 10:40:46.389015,115.84,589.67
2dc8b11c-04bd-474f-b529-8a570a585dd8,3db2a53d-1132-46d1-a1af-20d383325db4,2bb2ee77-61e9-44d2-b9f2-651149a42f98,accepted,2025-04-15 06:58:11.701368,117.33,203.51
01762b6d-f075-4b42-b42c-82eb2f8d6685,de9e9051-5eca-4a75-8537-9af9385c458d,51fd3b2b-5a6e-4633-9995-dcf0845b9136,accepted,2025-11-13 21:36:27.035637,71.21,736.55
4d6347b2-33ad-4138-a5e1-6ec1f838156e,88188162-2dd7-4920-a83d-b670902c357e,52350145-c4e7-48b8-8bf8-138cfa167256,accepted,2026-02-14 08:31:20.861173,23.18,686.39
df8b2979-9df0-4fb0-9688-a6dd7434c2e7,2bbfea06-918f-42d1-8c9c-9f0b68a5db7f,a7aa7082-85de-4895-8813-f2985518a775,rejected,2025-07-07 19:57:36.040744,198.17,255.76
4845aa9d-aa98-42cc-be52-01a523160403,d85ea13d-9573-4f5b-a87b-c4147927c1f2,2099ff17-cf39-4cd0-a792-f8bd8f41db6f,rejected,2025-11-11 03:21:40.538618,255.59,787.59
cbce8818-a6a4-4470-98be-757b000b4f2a,a3c7a372-29d5-4176-871b-b61f878bb50a,fd65254e-1fdf-47fb-9053-fe8a4af48396,accepted,2025-11-13 08:39:39.343533,126.6,463.45
44c85d53-52ee-4372-b39f-f331fd95ae6a,fe4af60e-3724-4d14-a4b8-f73c4d36499b,c5413235-9648-43ad-93db-50df7e4728f0,rejected,2025-05-02 14:54:08.436838,249.59,434.91
c3cb51d1-a149-46d2-bffc-39d9b6b7ae50,4645d7b3-3687-4bf4-b1a3-8fe9a52ce635,018f27a3-0d0d-48e3-8ca7-d9816bf11b8c,accepted,2025-11-30 10:00:42.859328,349.44,143.97
b66285be-40a1-4582-9e99-9d4e4c041d2d,5dd82a5b-ca0f-4270-9395-fc78ec0c97eb,7319da71-2c44-479c-b37c-1efc7c24f997,accepted,2025-04-16 11:10:10.495991,240.83,552.92
6b4324e2-84ba-4af1-aa0b-1653a630306c,d85e1250-195e-4c1d-8385-4b80226c339e,f25dea73-7080-412a-b175-b2038860a9f3,accepted,2025-10-06 15:55:11.210437,298.88,263.72
eea18145-7216-481b-84fd-6105a93c7fbc,feab360e-2c1c-4b2f-9364-feeb44c80ec8,2bb2ee77-61e9-44d2-b9f2-651149a42f98,accepted,2025-11-06 13:15:02.029672,146.17,219.18
c85a44e1-ab0d-48d0-885c-36049a73de36,2bbfea06-918f-42d1-8c9c-9f0b68a5db7f,63ece0b3-1ef0-4c25-81ca-851af79de572,accepted,2025-07-14 11:53:22.904770,108.28,342.03
7600cf3c-182b-4529-b572-6a70271294a2,6112db16-0556-40c4-aa67-a0e8782a7c9e,3909e5a7-29f7-4857-943d-595530e0d2df,rejected,2025-05-02 04:45:09.076161,195.24,323.47
d0c6a9e7-49bc-44b9-afc4-fa772dd62257,2416f7f3-c99e-4880-8b40-185928a64d35,873238f7-7edb-47b2-a806-550c7e693cf1,accepted,2025-11-28 05:23:23.285258,490.05,550.38
5ad5e074-12f8-464e-9c93-2a326252e332,7960c4b1-c71a-4a72-a69f-951be1fa0cd5,5f8e2436-6b99-492e-a935-d63a30e779fb,rejected,2026-02-25 10:40:11.824126,405.96,446.5
d5ce2c7c-3ea4-4c96-bd1d-abcb8de003b3,8478d8c5-a6b3-4725-9302-01e18553ed46,00a10016-7c15-4db1-9c47-5e1230b78936,accepted,2026-03-15 17:26:39.661538,404.02,592.14
d738c2a3-1e55-437e-9fed-0bfb5f34e909,84a384ab-603b-43f6-84d0-fb1bea216b29,f5a44647-2105-42d3-835d-80a338ffc5c9,accepted,2026-02-12 18:50:35.190840,259.81,796.47
9674b90f-247a-4cb6-a58f-7cce8a41d113,d9898a1c-810f-430d-8ee4-4aeae22de05a,cfc4f3e7-632f-4ea8-a05c-d3f43a5f33fa,accepted,2025-04-19 15:43:45.547006,365.87,629.34
34cfc167-ce50-49e7-9d5b-d90860f13e44,95950db6-fce2-45dc-8b22-2105afc86d8a,6177632f-2c87-4384-bccf-c195c9c94aca,accepted,2025-11-16 09:35:59.256408,292.56,321.73
6b50d655-f551-4aa5-b8c1-255499c54ce1,095d9874-71cb-4e0e-aa27-f80b8d2e966c,b3ea8d09-e790-4887-95b1-dc707dca7b71,accepted,2025-09-18 05:49:51.925084,410.63,383.85
0829c10e-03bc-4b58-bbb9-ccc2513664cb,0da1ae9d-279e-463e-8b47-de9accd46819,5f8e2436-6b99-492e-a935-d63a30e779fb,accepted,2025-03-23 04:20:51.268225,180.64,291.96
3f317370-092a-4691-b4df-9b2cf0e8be75,3a9a764f-9591-446a-b9b2-28532b16393a,11ae5623-ce89-46cc-92fb-179d341136d2,pending,2025-07-07 07:59:20.032363,143.7,20.77
fc54f85a-1adb-4191-b6d3-0461cc39c474,6d828996-d9dd-45ef-8af6-7cf45a4636da,018f27a3-0d0d-48e3-8ca7-d9816bf11b8c,rejected,2026-02-26 22:15:53.920455,482.3,163.17
2cf56cce-a08e-4e1a-9b96-789c33d0c44e,779dba3c-f6c7-4c50-9b28-18dbb082394f,6a360ddf-abaa-40c3-b583-1e53e92f4c22,accepted,2025-07-19 08:05:12.397977,103.78,625.35
550aea85-5eed-41c1-b54b-82b57b97c948,d047178e-6fed-4f9d-b9e5-820a5baf90a5,1653a1a4-4584-40f8-b52e-6709d07ec937,accepted,2025-12-21 08:29:04.180135,254.0,590.54
ffd2aab7-661a-47b5-bfc3-0bb8a852dda9,c5b9b80f-4a23-433a-811a-89673dcc32a3,822f3d9e-209e-40be-b61e-326d3cb7cc86,accepted,2025-05-25 15:36:53.469365,157.53,507.21
0cf22479-e35f-4972-b23b-a834067b6509,966ce9be-14ae-492f-b1a0-6e1f5e75c6cc,b997845e-76e8-4247-b0e4-5fe430a776c4,accepted,2026-03-16 18:05:53.238320,465.71,340.34
3fdee677-2e00-4bcb-bf35-864c409fa49f,feab360e-2c1c-4b2f-9364-feeb44c80ec8,2099ff17-cf39-4cd0-a792-f8bd8f41db6f,accepted,2025-05-12 02:45:18.917081,455.4,67.89
a94acae9-577d-437f-95a2-da9f2b595080,4d88fa7e-fd68-47ec-9f91-84a7690821ac,932b36d0-b1d4-440c-9bb7-46ab913172e1,accepted,2025-07-02 13:23:08.262800,333.45,569.79
4e255303-0637-467c-a496-41e2fac602cc,8114d619-31d9-4f52-855a-f7249a19178e,4ff1a953-3c1a-4939-be70-7f98ac406bbf,accepted,2025-12-29 09:00:55.256823,446.09,625.87
a22e6ab1-a7d2-4020-b806-fcfa8c30d86e,7101481a-daef-4e61-a4d3-41b3afc54b4a,9203a533-4266-4bca-84d9-a886633d9239,rejected,2025-09-17 22:49:45.234368,270.05,362.98
bcb148ef-910e-4c77-9b27-d18db1dd2f35,b24b4775-27e7-4274-97f7-405956e7d3d0,873238f7-7edb-47b2-a806-550c7e693cf1,rejected,2025-09-29 16:02:38.323780,80.02,191.53
f27d9808-b4df-4f5f-a946-550c7de040cc,601aa47f-75fd-4bc5-8457-109676429541,1b909135-783c-48e4-b8b2-8d7167267a54,rejected,2025-12-11 07:19:08.800700,58.43,137.69
681bfc13-83ef-4416-a026-4c6e1875fe43,40a71b71-628a-460f-b888-a90217a99f27,5f8e2436-6b99-492e-a935-d63a30e779fb,accepted,2025-09-24 19:59:34.629220,441.77,441.0
df32e780-e6c3-46a6-a957-43c675cad64d,97974e30-9c23-491e-a79b-914455654c6b,9018fed1-b9a6-43d5-ab86-6c5e27adf7d5,accepted,2025-11-13 06:51:21.194411,387.2,71.18
5446724e-fd5c-4689-9f17-e15d7448a0c5,732b37d6-188c-47a3-927a-e0adbfc0aa2f,7c33cd8b-3dbf-4c22-a97a-a82aadf5a2e8,accepted,2026-01-30 14:47:30.355439,334.32,708.95
d5bf3389-cc4b-49cc-b6cb-23cadd9bb478,9e6c83e8-a6c0-4159-b06c-3ce844c2eaa6,932b36d0-b1d4-440c-9bb7-46ab913172e1,accepted,2025-10-28 06:03:30.796272,156.4,503.05
d72e78d0-c395-4b00-956c-46e5e4ba9cb8,efc68624-27f7-4118-8977-3ec67d9863a6,c5413235-9648-43ad-93db-50df7e4728f0,rejected,2025-10-20 15:51:43.267837,33.71,532.52
24e75729-b3ce-4b1b-8b04-3106134d2719,89d9cd84-6982-4a76-82c1-46b039495b1a,1653a1a4-4584-40f8-b52e-6709d07ec937,rejected,2025-05-11 20:41:08.666282,244.25,697.36
61653650-9a11-4511-b652-a5554bf282ad,14f71a98-028b-421d-a9e9-65b266dfd48e,72accb4e-343b-457d-9397-24e22f3508f4,accepted,2025-05-21 13:47:43.442607,84.86,759.05
e04a27bf-bf85-4ff5-b760-354d87ebfbdb,671debe4-b02e-49b6-b503-4cc914a955ce,c6506340-0e3c-47d8-ab5d-7e7c977db914,accepted,2025-11-24 13:51:41.977409,239.14,600.38
b0937528-9375-4341-81a9-15f5012069a4,42c02b48-632c-463f-bd8b-100cb9bf8008,41f0a418-8a72-45df-8e28-6f8dfe6dcce6,accepted,2025-10-30 16:52:05.394419,327.1,429.36
e7458289-b9c3-4254-b338-9811aff48fa0,8ce6f327-f541-4eb9-adb3-a82fedc07fe2,018f27a3-0d0d-48e3-8ca7-d9816bf11b8c,accepted,2026-02-09 05:00:31.545340,129.02,76.2
8b85c8ae-9ac6-4966-bbc7-a76508674480,a2e3ae2b-923b-41a7-ad64-4d477de64d1a,9203a533-4266-4bca-84d9-a886633d9239,accepted,2025-12-04 22:15:36.469434,94.74,13.39
5cf60736-f28f-4140-8213-684ff85ef941,edd456d2-b02f-4529-9e73-2b8781edccf5,7e19da53-a92e-4e30-b261-d1fe6aef406e,rejected,2025-04-01 11:32:25.414160,185.06,378.01
97623af9-86db-464d-9920-b96cdc49e0a9,1ad05d9f-683d-463f-9bc5-4075851996b9,97c01076-a980-4464-89ea-fec17a4f5dcb,pending,2025-07-27 13:54:15.436679,474.54,384.27
1e5f5f57-fb5b-44e2-89a3-e24311ba1f5b,1ad05d9f-683d-463f-9bc5-4075851996b9,9018fed1-b9a6-43d5-ab86-6c5e27adf7d5,accepted,2025-12-04 08:15:30.137194,160.6,188.82
3e35faf7-9351-4c99-9dbc-936a0443bb21,a04372e4-76f5-4967-880e-6a935f269acc,389371b8-47c5-482a-a759-abccc2a88c3a,accepted,2026-03-05 15:43:26.586375,217.63,450.64
af88c041-dbed-49c2-921f-3dfdcb90563b,9072ca5e-139a-436b-916a-85929c7b68e9,63428b21-1302-4d3d-9ea0-4c5655230267,accepted,2025-10-25 12:52:33.538833,373.82,314.83
5f11316a-f231-4709-9e59-46a177c4c8c0,3d378740-2f9e-464a-9f92-61d65bdfc7f2,0d05f19b-0907-49b5-bedb-e7c72713ebb2,accepted,2025-12-16 07:49:24.366156,222.67,195.45
81308b0a-5c15-4985-8260-c16fa062221f,b57a55c4-ae92-4fb9-a9cc-5ddc932514b6,63ece0b3-1ef0-4c25-81ca-851af79de572,rejected,2025-12-27 19:08:56.019390,348.63,231.32
e61b98d0-e9d4-483f-ad65-7dd2f557ceb7,900fda5d-42b3-406f-998c-d687cb22d991,a8528709-0c4c-413f-9d08-b8ce4495b6b4,rejected,2025-06-09 23:45:24.137616,218.19,683.52
d15161f6-a81a-4bb7-9777-e65d8e77a4f8,7715ff04-9f05-40a0-a173-12fcfd207ee5,5cf44aa1-0edc-4031-8cc0-5c60ac58f9ed,accepted,2025-06-11 21:02:12.127094,325.71,496.09
26bf5e40-545a-42a7-864b-fe5a1f00f084,059c9865-e907-4ca7-b5e6-ffb2238bf049,3909e5a7-29f7-4857-943d-595530e0d2df,accepted,2026-03-04 04:43:53.162420,110.14,20.42
eed536b6-c94d-4e6d-82bc-5fd4e947a03c,42d704c0-9a35-4d6b-ab86-8dce538077d7,a8528709-0c4c-413f-9d08-b8ce4495b6b4,accepted,2025-12-28 00:08:39.577100,486.72,229.28
401856e7-7021-4e64-bdbe-b42cf0e34046,a4faf044-19cd-48cd-8162-ee9b8d63cbf8,8257b79e-4763-4403-b71c-ab7d2627053c,accepted,2026-02-09 16:33:54.539378,23.94,76.71
2df6b5b6-1873-4654-87ba-b878db72caf2,aeb7f58a-3be5-42a9-b331-44d0d267cbf4,f769e189-ca17-40fd-ad2d-90cd57c685d0,accepted,2025-05-26 09:14:32.252785,221.72,629.65
152c2751-dee0-408a-adc6-176147533286,e0de8565-49a7-49a9-a02c-c63bdbe51b72,e7be4fc8-7147-48af-b288-dd4ed6489a2c,accepted,2025-11-19 06:25:04.405577,399.88,267.55
501cf5b7-aefb-4366-afeb-86c37a560729,c08c1a14-f7e0-400e-a506-30d07847e732,7bffd16d-2688-4d5b-bcf6-c5ab8782302d,pending,2025-10-10 20:42:09.205664,46.9,621.64
9c13983a-fb7e-4b44-a989-64d07ea4a4fc,b666138a-a159-4cdf-af15-457e08e02f44,fe88bccc-8c57-4913-9055-77a8fb7e0e89,accepted,2025-08-24 10:42:50.944820,112.25,674.02
cadcdace-a068-4b13-bb20-a30642f8fe7e,3321a920-687e-400c-a02c-2dc697a9fb6f,00a10016-7c15-4db1-9c47-5e1230b78936,rejected,2025-12-22 13:15:24.252916,78.54,615.68
5187afcb-7e86-4fb0-89c6-22d4b27120de,11ca05cf-a891-4f0a-b3e5-3577e2511447,8c6f05f5-fa4f-43f0-9a51-948456be6a06,rejected,2025-12-25 17:23:29.818750,232.62,591.41
bcfa9e6e-10dd-4acd-9453-0dee94d113f0,14947fdc-7ab9-4403-be2f-6eb856345ff7,40cc51a0-c68d-4912-977b-0ffc93a43d38,accepted,2025-09-16 04:54:08.695907,390.08,419.31
5051bd97-4964-46c4-81f5-95bb17010d99,658729e4-9037-4a91-be2a-9bebad648906,d35f8cff-4ac9-4e8a-979e-2d4a85453a70,accepted,2025-08-16 10:25:24.182652,481.38,749.29
e3e7567e-cbb5-451f-9c35-26d21c574d0a,0272dc88-73e1-4a73-992b-7b19eed9284b,cfc4f3e7-632f-4ea8-a05c-d3f43a5f33fa,rejected,2025-05-14 17:06:21.989762,377.47,441.92
ef3d8277-c4d5-443a-a95d-d33199559781,6d828996-d9dd-45ef-8af6-7cf45a4636da,6177632f-2c87-4384-bccf-c195c9c94aca,accepted,2025-05-28 11:02:43.590999,163.43,291.54
3c5a8930-878d-452e-9f4e-164d4cb0c3c1,c20400aa-a05e-42ed-b90b-362541586ef6,6b65021c-2086-4699-8355-05184f72e23c,accepted,2025-10-23 08:52:39.784029,74.21,508.16
f7ef6b91-b860-474d-9a25-37a85b8580fa,14d217bb-8d1b-4210-bc23-909eba428ca3,f5a44647-2105-42d3-835d-80a338ffc5c9,accepted,2026-01-29 09:04:06.118806,152.53,100.12
4305cc96-d443-4572-b2db-44fb6d5fd91d,a968cc67-3a37-4447-86e4-40c837c7e70b,63428b21-1302-4d3d-9ea0-4c5655230267,accepted,2025-04-04 13:56:19.276039,40.16,627.86
146c4981-b2fb-483a-9f66-4509777b78a2,595aedc9-d2cb-41f4-8538-2bfa7afdfa9f,97c01076-a980-4464-89ea-fec17a4f5dcb,accepted,2025-09-08 01:17:07.438476,198.27,76.14
d972096a-b9e5-48c4-998b-5ee13afc20ba,caece541-8ec7-4d86-98d1-2836d012d9d4,f769e189-ca17-40fd-ad2d-90cd57c685d0,accepted,2025-07-30 02:29:57.448120,316.95,745.02
2160d4a9-b901-4592-ae54-626930c7c869,56b4415c-6695-4625-99dd-d820aac1fa27,cfc4f3e7-632f-4ea8-a05c-d3f43a5f33fa,accepted,2026-02-20 18:20:10.030001,190.65,127.37
ac76c999-6fb6-48cd-b1c3-6aea4f92e54d,d3236a55-c97c-44c0-967b-b22e1be5a627,857c4d41-5c3d-47d5-b8d7-b3ca644f24cf,accepted,2025-12-01 08:30:47.825086,131.68,785.43
9d00a3ec-d127-4ccc-b5ad-9df6efedf6d3,68c79e23-1dc6-40b0-b0b6-97ce09270de5,4ff1a953-3c1a-4939-be70-7f98ac406bbf,rejected,2025-09-20 22:52:51.342916,406.65,353.78
bfb96e41-929a-4f35-8702-cbb4fcd1f879,ffea6a7b-bd66-4c52-be2a-6dc06ed9e9aa,29d07ba3-45fc-4b4a-9ef1-5673146836d5,accepted,2025-05-01 01:26:18.534925,191.92,112.11
6faec67b-8611-4863-b971-11de586e3c11,944139b5-69d9-4971-81c1-eb92a1f47ce6,a7aa7082-85de-4895-8813-f2985518a775,accepted,2025-04-16 03:46:20.188324,230.0,239.3
6896ef17-da08-4c3b-a23d-a42eecff5217,41989530-ba71-4684-8774-032613c977ef,3208ebc8-095f-4a0c-a0df-69c8a220c748,accepted,2025-05-14 01:48:09.009325,109.58,281.39
d00396d9-3654-4cfa-a574-310808ef9dc0,f897d596-0722-4d54-aaad-cc8c35f82882,3ad26a54-1703-413c-82a1-b7d3e800ee48,accepted,2025-08-27 15:10:03.017063,419.05,732.01
7becf374-9f91-46c1-844e-b030c08c4b84,a58fa048-b687-4966-b67c-27135d759059,b3ea8d09-e790-4887-95b1-dc707dca7b71,accepted,2025-09-20 00:28:11.825688,94.41,240.06
955a6521-72bb-4de2-b322-2baad7d56fb2,732b37d6-188c-47a3-927a-e0adbfc0aa2f,fe88bccc-8c57-4913-9055-77a8fb7e0e89,accepted,2026-01-14 01:17:56.903732,20.35,512.23
32b0277f-742a-4b16-b4cb-f493e0235b77,b46bbb01-506c-44c9-92d1-e3cae45121cf,035d6ccf-b693-430c-8819-45ff5c725d89,accepted,2025-04-19 00:28:55.905350,28.99,686.18
a20a127c-c9bb-4d9b-817a-f30ef77a9dca,4b3971c4-1024-4123-a281-beeffac51282,7c33cd8b-3dbf-4c22-a97a-a82aadf5a2e8,accepted,2026-02-12 01:48:39.451468,366.08,528.34
c1532978-c1f4-4bb2-ab10-0a210df6dfab,ec1a335a-bfba-4596-8542-17b1fedeb105,8c6f05f5-fa4f-43f0-9a51-948456be6a06,accepted,2026-01-08 19:34:04.035372,347.95,613.76
fbb63c89-2ab5-460b-bab4-d4e379e8a29d,39017c89-3dd1-4604-a7c6-251799776f52,63ece0b3-1ef0-4c25-81ca-851af79de572,accepted,2026-02-02 14:59:43.226959,216.71,261.01
896a876d-c888-4456-be62-d6c92d9df51a,a70eb1a9-26cb-40df-8068-3ac2b49b69fb,fac51ffd-8aaa-46f2-a9c3-bff2a2a9473e,accepted,2026-02-19 08:50:11.959735,41.01,750.55
9e05e8cd-e106-4888-84d6-4f087bf03090,c259c519-9f3e-49ba-8251-92974c9c85af,f76bf6d5-a9bc-47b1-bcf6-6f988d83d9c4,accepted,2025-08-15 01:25:47.124147,252.98,83.51
abb9eafe-7267-4151-a683-cd606726242a,89a1639c-0aa3-4550-80aa-dcc7d282a6f0,4ff1a953-3c1a-4939-be70-7f98ac406bbf,rejected,2025-08-08 07:45:48.124498,335.8,423.03
3a430e07-b801-4a4c-85de-51c7c6e19fa6,4b53a6bb-9ddf-4cdf-984c-fa5db4dc14f1,9fb282ff-daad-49b1-bd4f-23a9eb6cdb16,accepted,2025-07-31 02:35:58.940854,195.85,486.73
6be3a0f9-e0a4-4db9-a5bb-f5afaade9aba,b666138a-a159-4cdf-af15-457e08e02f44,f5a44647-2105-42d3-835d-80a338ffc5c9,pending,2025-08-04 13:34:57.239278,120.19,395.67
b4b44c7b-7fe0-4737-8091-244d3bbc8fc8,c5b9b80f-4a23-433a-811a-89673dcc32a3,822f3d9e-209e-40be-b61e-326d3cb7cc86,accepted,2025-04-15 07:52:36.238233,326.68,291.94
5047459c-48b1-48cb-8b6f-16c7dab1094c,900fda5d-42b3-406f-998c-d687cb22d991,a6b722cd-a21f-4f99-bb46-745f039e80d8,rejected,2025-06-06 12:47:45.327132,401.24,51.35
58851fbf-388f-4631-ad63-61295bdd4f7a,db48fa18-6474-4f53-aeb8-ea7962c04123,72accb4e-343b-457d-9397-24e22f3508f4,accepted,2025-07-10 22:03:29.481760,372.46,668.39
2c6c5391-6e7a-4fbf-a5fa-a5baa5bfeb64,294774b5-a405-4c96-9a06-1f08b4266c0b,064e29b3-d583-4927-a43a-624234454454,pending,2025-04-21 17:04:54.998527,66.62,581.51
4978f190-fe63-4800-bfe7-d0e690d72a43,cdeb5d05-fcb7-4552-85cb-0d880213f5af,8c6f05f5-fa4f-43f0-9a51-948456be6a06,accepted,2025-12-02 13:28:09.046088,272.57,202.77
d78e025b-92ec-4d22-a661-d8e9add4cf81,7d141f25-890f-47aa-bdac-11c2d8ddfedf,c6506340-0e3c-47d8-ab5d-7e7c977db914,accepted,2025-07-16 23:37:04.244993,287.91,598.16
3cb91a0f-88d6-407c-b99f-17d0a7e92325,eddf97c9-7be6-4a99-b4c0-d82c0e05d778,56c13f9a-ebc7-4bc0-8967-557465e7294a,accepted,2025-05-08 20:46:34.418359,343.76,563.53
b19d387c-c5a0-4cfa-afb2-a3ec63f298e6,89816349-b063-423d-ac56-d4494d9a7d0e,857c4d41-5c3d-47d5-b8d7-b3ca644f24cf,accepted,2025-03-30 12:17:58.690038,106.59,324.24
82d016d5-e31a-4075-8a01-59d0e2a3be10,6573450b-ffa8-4405-b4cc-bddb56481687,52350145-c4e7-48b8-8bf8-138cfa167256,accepted,2026-02-14 14:13:03.794994,499.25,357.19
7c7945ca-3816-472d-8bec-6a30b0e919d8,47964c6a-d854-4a43-90f3-a1bfff63dee2,26a3c629-775f-47fe-9bf2-fed97b57847e,accepted,2025-09-05 01:58:10.594088,498.49,676.66
3f44a55a-0f80-4276-ac3d-a4eec2afc8fc,59ab0cb3-f71a-4364-ad2b-def34c1aaee1,7e19da53-a92e-4e30-b261-d1fe6aef406e,accepted,2026-01-14 01:51:29.191393,416.55,262.14
0f4f1838-b221-4533-ae09-61bb147e43aa,b1ea8dcf-6596-434e-8a28-515a7839b73f,41f0a418-8a72-45df-8e28-6f8dfe6dcce6,accepted,2025-12-18 16:21:44.986873,200.03,442.44
d2388d78-e88e-4f29-9ec9-dda1a6e4db40,ad159bd0-7e0e-4a32-b247-92a115b36271,6177632f-2c87-4384-bccf-c195c9c94aca,accepted,2025-09-03 20:38:59.437572,237.15,768.06
eecf6775-45c5-4224-a09c-1336a9dc97e3,06b50e24-b555-42f3-8ff3-3ead53146b33,d094cf7c-d718-407e-a344-6dd2f63e6c17,accepted,2025-10-27 06:32:17.499370,156.55,17.96
5b8c0ed7-373c-4b00-9b75-717f9fcb62f2,e58cca0d-9b3c-41b4-90c7-c104e9edf321,afc5b393-2c72-44ad-a624-258166f88025,accepted,2026-02-10 09:04:20.637255,492.51,175.78
bd205ef9-0aaf-47e3-89bb-5a2c18059693,780cad91-ae51-4b94-b598-58060a75a6b8,29d07ba3-45fc-4b4a-9ef1-5673146836d5,rejected,2025-03-23 11:07:35.579110,472.81,658.76
e206ca84-70a1-495c-ad8b-011a9cc0598e,17661109-e9ec-4066-bbb3-ce881a15ca98,389371b8-47c5-482a-a759-abccc2a88c3a,accepted,2025-06-03 06:55:14.838335,293.92,459.43
2956447d-7d9d-416f-9d42-00a5d2912a1e,3bfbb047-b4e7-48e8-9bb2-f7acf5302ab3,f76bf6d5-a9bc-47b1-bcf6-6f988d83d9c4,accepted,2025-05-10 03:11:46.142475,94.93,215.67
ce22e15d-fd0b-44ff-b573-9cb234871780,c5b9b80f-4a23-433a-811a-89673dcc32a3,3f744130-ac9e-4b79-8aee-45ca108d1f0b,accepted,2026-02-22 22:20:17.063713,143.0,243.74
0b3d4dd2-4bbd-4985-a1d5-1b01a4500d53,89a1639c-0aa3-4550-80aa-dcc7d282a6f0,77c5d91a-18ba-43e3-ba0c-e15ac8283f69,accepted,2025-10-24 21:50:23.543459,124.37,66.38
2aed0c3d-1af9-435b-9ad3-ee93fb9ff036,14d217bb-8d1b-4210-bc23-909eba428ca3,c692f093-256c-44d3-be28-270059633f56,accepted,2025-08-18 02:41:33.688865,416.34,553.23
62fd0a20-c462-4d8d-b063-5e1b2a6c8e5a,8725442e-e14f-4e90-b5a4-acc055dfd619,5f8e2436-6b99-492e-a935-d63a30e779fb,accepted,2025-12-25 00:17:09.858500,164.19,585.98
d70559de-0908-4b2e-bdfe-0dce4b25d51f,8725442e-e14f-4e90-b5a4-acc055dfd619,00a10016-7c15-4db1-9c47-5e1230b78936,accepted,2025-06-11 07:38:24.895088,46.84,617.87
16a8969c-5608-43ce-9bad-94844e48eb25,12d855ff-fa14-423a-84b7-e5bcfb83c032,11d1e926-5c44-447c-87fd-2982a0af2db4,accepted,2025-04-30 00:38:11.060207,436.56,696.48
2209e7c5-510d-446b-a0bb-38a03ca6b8a2,e68ff072-23fa-4c94-af0e-64b6a2b43a52,1b909135-783c-48e4-b8b2-8d7167267a54,accepted,2025-06-11 14:38:47.462653,309.1,14.09
2c937e3f-9538-42ae-bc26-c7b1671b9e33,8872347c-2491-406e-9af0-33f952480bd3,cfc4f3e7-632f-4ea8-a05c-d3f43a5f33fa,accepted,2025-11-04 21:26:26.128920,166.3,37.74
d2ce1464-29ee-423a-81b7-2b6d7c1fb45c,671debe4-b02e-49b6-b503-4cc914a955ce,41f0a418-8a72-45df-8e28-6f8dfe6dcce6,accepted,2025-10-29 23:57:03.683146,261.15,180.53
582673ba-5dc7-4afd-a3dd-f28e10adad0f,42d704c0-9a35-4d6b-ab86-8dce538077d7,f25dea73-7080-412a-b175-b2038860a9f3,rejected,2025-04-08 11:05:43.683368,208.58,359.26
e0bb0104-8a73-451f-a7e4-27b3b45696c8,5e26497c-f66a-4c6d-aac0-93a7ca48b3ba,2099ff17-cf39-4cd0-a792-f8bd8f41db6f,accepted,2026-01-16 02:44:48.513584,126.6,235.38
bef09a18-72f1-4a39-a10f-e4000e33783b,ed9b2686-2b4a-40ee-96c1-eb360ee5c2e8,9db9508a-aa73-415d-8ad6-5a455849f155,accepted,2025-09-15 01:55:33.811238,59.62,459.3
d4cf4d69-ab6d-4909-8b4d-386e26c00500,42d704c0-9a35-4d6b-ab86-8dce538077d7,389371b8-47c5-482a-a759-abccc2a88c3a,accepted,2025-09-28 07:27:42.753400,60.84,403.95
084f8b2f-b483-4b6f-97c9-c62f7ac92149,298e0525-3d02-4229-b393-d8c71ff00481,3909e5a7-29f7-4857-943d-595530e0d2df,accepted,2025-11-02 08:06:30.269004,84.74,449.64
7db8eec3-e9c8-4540-a3ac-788e6eaaf3d9,f5a1480f-3ae4-48c8-9462-309d56ad0202,b2842d07-1c6f-4942-95a6-eb117e89a7e1,accepted,2025-10-12 13:16:15.804765,114.13,494.72
5a3dde12-49c5-449e-9657-b60bb6f77bfc,18e69b0c-47a6-49a7-9c99-848f66eb2e70,c5413235-9648-43ad-93db-50df7e4728f0,accepted,2025-12-03 23:07:48.656441,54.39,622.53
1791fcff-6b58-4cd0-a6c0-22efbcd1dd50,3f4ebb78-5e42-48d6-a432-03416102eb41,e32440cd-1baf-4865-8a12-d18d1ebe7303,pending,2025-06-30 21:45:48.222419,63.01,539.04
5ebbbf5f-ae88-444f-b77a-28ebf57b229f,f2acb248-5dce-429d-83e1-11a8e5473452,9203a533-4266-4bca-84d9-a886633d9239,accepted,2025-03-17 02:15:20.336066,173.95,477.13
8386cb03-02b9-4213-9039-efe518b04723,fe37096a-46d7-48a7-a205-025751250b5e,9018fed1-b9a6-43d5-ab86-6c5e27adf7d5,accepted,2025-07-23 09:14:37.619044,494.07,494.9
96496dea-9a80-4ebf-9ba9-2ff85e6f67e1,af309031-8517-486e-bb15-12cd8562a204,b8c972f3-674a-4f8d-a777-78ba1d3bd532,accepted,2025-10-10 22:50:39.231299,231.42,739.75
d1fb6ca6-bb2c-48ea-b98c-1a125b357f2a,dd16f11a-aa60-479a-b315-2a4f006ee328,40cc51a0-c68d-4912-977b-0ffc93a43d38,accepted,2025-05-23 22:29:30.663749,94.88,584.15
14002ecd-9818-4a8c-9e2a-1a3f30bc0bf9,9ab922dc-299c-4798-8f6b-ce0c862371e6,263ce2ff-07e2-4491-905d-576405e14c59,rejected,2025-11-15 13:57:16.282701,136.66,498.7
82a8763a-f288-438a-969a-fe01898ada56,a419a4be-b1c5-4473-b98f-307f7b132594,1b375bf6-a284-4fe3-b1af-b8fbb696a744,accepted,2025-09-23 17:16:58.986728,353.02,93.47
1651e1ee-0297-481a-a19d-314b4d8f7d1f,2416f7f3-c99e-4880-8b40-185928a64d35,d35f8cff-4ac9-4e8a-979e-2d4a85453a70,accepted,2025-07-26 05:30:32.582564,120.32,432.71
dc5478ec-df0b-413c-9ad3-681c78014650,9b43489e-0bf5-41f4-bd62-e974f4654451,fe88bccc-8c57-4913-9055-77a8fb7e0e89,accepted,2026-02-27 17:51:03.167618,144.16,389.01
efd4a725-9298-462c-beb6-0539cd43f4d5,eb02e9cf-6bf9-4e15-bdd8-9d5b2e2b98c7,9db9508a-aa73-415d-8ad6-5a455849f155,accepted,2025-10-01 05:50:05.771811,340.77,304.4
96ffb491-6436-4c88-a71f-578368dcea56,75ad856d-7121-40f9-a453-537e87756b0e,52350145-c4e7-48b8-8bf8-138cfa167256,accepted,2025-12-28 18:02:41.469414,142.62,52.79
3236ab9c-75ff-4719-ad08-bb8c7a657ea2,01ff29f0-3350-4808-bb57-bfdd85d1f99e,3909e5a7-29f7-4857-943d-595530e0d2df,accepted,2025-09-17 22:14:27.023324,45.48,525.53
b70f8df7-4601-48e6-b54c-21aa368ab4a2,1ad05d9f-683d-463f-9bc5-4075851996b9,806fc8a8-1f0f-4371-9bf3-5c7878720973,accepted,2025-03-23 22:47:19.335279,150.23,682.41
d44e77ac-ad34-4462-b45d-81855cbb88f3,d0bcf95d-19a7-4462-b768-ea306e1f74c9,9203a533-4266-4bca-84d9-a886633d9239,rejected,2026-01-29 11:57:24.646113,29.16,694.59
c566590b-2f88-4764-894d-0b77a3f5340a,28b38755-dadb-4322-9ca7-e93f33b951f9,8c6f05f5-fa4f-43f0-9a51-948456be6a06,accepted,2025-04-01 10:09:19.361900,202.74,781.41
92e671a3-33ba-4585-887b-ce5610852ce4,7b4a96c1-4d3f-4bda-8e5b-5bdffcb9f810,26a3c629-775f-47fe-9bf2-fed97b57847e,accepted,2025-08-04 19:51:06.726770,306.61,74.98
a8e11157-ce54-4f59-a8a0-aa2a2b8d5c9c,cb5269e4-5ca1-475a-aa95-087dacb2e652,c1b2b0a1-e231-46c4-a835-984ffe81ca2c,pending,2025-07-30 20:49:19.877911,289.13,571.41
e4e67daa-8b9c-456d-a489-6552364fe44a,7bbed418-fa66-4426-b70e-92845617b046,63428b21-1302-4d3d-9ea0-4c5655230267,pending,2025-12-14 11:20:27.388362,166.37,394.5
64b1a690-a368-418b-96f2-060c45239dda,ad159bd0-7e0e-4a32-b247-92a115b36271,b3ea8d09-e790-4887-95b1-dc707dca7b71,accepted,2025-07-24 22:44:32.188392,348.47,287.53
e340f791-79d9-46b5-8d29-70e4160c0476,85b4c977-6b95-426f-bd0a-065f7b947b2e,2b5b2f3b-8df9-4db0-8ecf-963a855ebce2,pending,2025-04-10 04:45:14.127938,489.72,224.32
e114289a-b0c2-4d39-a69e-b1d65bf8ac7b,d5c123f6-ff80-4188-959b-47d8024bb673,cfc4f3e7-632f-4ea8-a05c-d3f43a5f33fa,accepted,2025-06-12 14:11:42.138594,205.84,799.96
20f2a6ff-6914-4730-8b5a-ac834ab69c79,53e0964c-25de-4059-bf28-1666f62249d3,11ae5623-ce89-46cc-92fb-179d341136d2,pending,2025-11-11 12:33:45.075580,128.28,276.72
b7cae0e5-06ac-4597-82a5-5250c9fe058f,ed9b2686-2b4a-40ee-96c1-eb360ee5c2e8,52350145-c4e7-48b8-8bf8-138cfa167256,accepted,2025-04-23 09:14:08.299427,370.35,418.97
7f5dbeb1-8943-45c8-a0d6-3118118d5cd0,99f85de8-a328-4eea-b156-a2231ce0f144,63ece0b3-1ef0-4c25-81ca-851af79de572,rejected,2025-10-15 01:22:04.495933,349.53,336.78
799681da-6104-442b-8f85-eb5c1d46c2cb,f8a2b4cc-18bf-4e7b-80a4-48efb6eb42e6,22078e3d-b5a5-4b55-905a-152ceeeec304,accepted,2025-12-17 21:24:32.118492,169.94,486.27
003119ba-4125-40cb-a46f-6ced210fac64,05937809-733c-4fd0-b0a0-3830a524ad33,fe88bccc-8c57-4913-9055-77a8fb7e0e89,accepted,2025-05-04 05:58:46.207060,333.19,466.92
eefa24bf-484b-4f21-b9a3-094d0de4f9a4,1447019c-2d77-447a-9bfa-4f452598b7c2,40cc51a0-c68d-4912-977b-0ffc93a43d38,rejected,2025-07-23 04:42:42.991277,168.32,565.58
ab3d9d3d-8db6-4095-a224-3eb1c9846be4,e39f22da-0bc9-4b6d-a212-5c8704184b83,5cf44aa1-0edc-4031-8cc0-5c60ac58f9ed,accepted,2025-07-18 04:10:01.449901,456.32,617.19
5be5a327-87f0-405d-9e79-e79eea0a7ff1,6d76f419-5c6a-4a25-b9d0-467b4cb35a64,41f0a418-8a72-45df-8e28-6f8dfe6dcce6,pending,2025-11-06 07:08:06.562467,172.4,448.09
33189333-20e9-4578-a9e5-1a5379f61897,047fe268-d5de-4df2-bd95-321959887b3a,d094cf7c-d718-407e-a344-6dd2f63e6c17,accepted,2026-01-13 19:29:12.835204,172.45,704.31
3ef0abfd-f80c-47a1-a2cc-ae804da0eeb0,a870cd73-f59f-484b-94a2-d125958a2627,50974656-d769-47ff-a59b-a27f24e11f63,rejected,2025-11-21 14:18:21.991971,442.46,334.16
f1b4ffce-1740-4686-be12-32d3d0881d21,7d807492-33c8-4d83-991c-35c953838583,afc5b393-2c72-44ad-a624-258166f88025,accepted,2026-03-09 18:10:07.109674,468.21,715.83
6b6f57e9-8633-4425-abd7-e20ea7615f44,09e16c54-b30a-41e7-9012-eefef488a018,60636fe1-8492-4acd-befe-9ebedf0c66d4,accepted,2025-09-07 07:13:56.850518,393.97,89.88
b8eeaec3-c5f4-46e2-800f-e8a968a7680f,d40b3fca-5fed-44c6-87c9-1859287bd8e4,50974656-d769-47ff-a59b-a27f24e11f63,rejected,2025-05-22 02:20:53.674555,313.75,217.16
e25c922d-a551-4ddf-a8f8-220d03ee4640,23f75796-59b0-40b8-a8ba-e07ca0de5a14,63ece0b3-1ef0-4c25-81ca-851af79de572,accepted,2025-05-04 18:37:42.303730,131.45,551.47
05e34069-1f30-4eaa-bf22-4b83313bed7d,a7abe9c3-3c98-4788-a744-84f2a4ce5908,822f3d9e-209e-40be-b61e-326d3cb7cc86,accepted,2025-12-03 01:13:19.846668,248.77,404.35
6266b548-9665-4b0e-b767-eacf6e2cb96e,8114d619-31d9-4f52-855a-f7249a19178e,d35f8cff-4ac9-4e8a-979e-2d4a85453a70,rejected,2026-02-24 03:57:33.629263,199.5,682.44
4b53db1f-21b4-4bb2-87d4-a1f82f5203ed,ccbffff6-70fe-4956-9594-fafd5f9e424a,d35f8cff-4ac9-4e8a-979e-2d4a85453a70,accepted,2025-03-30 00:44:02.703614,112.76,30.62
780fee19-a913-47e2-8615-ad3f7bd61d26,b57a55c4-ae92-4fb9-a9cc-5ddc932514b6,f5a44647-2105-42d3-835d-80a338ffc5c9,pending,2025-05-29 03:38:28.740926,476.1,181.93
d1daca8c-64c0-4e94-bc03-580004d493ae,8869f9b1-78f4-4bf6-87c8-0cf46e62bba8,40cc51a0-c68d-4912-977b-0ffc93a43d38,rejected,2025-12-30 11:12:59.589037,51.75,742.05
adb5fcd8-c9a5-4576-bd18-32dfbef46d40,b78a5d7a-872f-40b7-95f1-7d3b6c157128,63ece0b3-1ef0-4c25-81ca-851af79de572,accepted,2026-02-03 01:10:08.350289,175.95,368.75
756e88bd-6b7c-4f70-939a-269fe6d02c97,ebaac2e1-5d4a-4843-bcd6-2ba4f738a7e2,742da192-bcb9-4810-b704-bab2bfac2383,accepted,2025-07-09 18:58:48.976013,40.08,589.59
56019c26-bf06-4a16-a66a-92cf2ac14d9e,b46bbb01-506c-44c9-92d1-e3cae45121cf,d094cf7c-d718-407e-a344-6dd2f63e6c17,accepted,2025-07-07 18:35:37.777806,313.52,595.26
894c6423-8b20-49bb-924f-c15c9fb24606,5e26497c-f66a-4c6d-aac0-93a7ca48b3ba,a8528709-0c4c-413f-9d08-b8ce4495b6b4,accepted,2025-08-08 23:16:46.394133,440.38,630.6
0c046496-6297-4aa3-9c13-ed271065d81a,00f70be3-3f9d-412e-9077-7fdb62039d4a,857c4d41-5c3d-47d5-b8d7-b3ca644f24cf,accepted,2026-01-08 08:11:49.420056,416.96,38.72
bc083424-0405-4e99-8901-b4244ed88eac,2dde46de-01aa-415f-a9d5-60f506d60c6e,fac51ffd-8aaa-46f2-a9c3-bff2a2a9473e,accepted,2025-09-05 10:15:06.491040,492.24,36.21
30961683-3c81-47d5-b919-d6686dcbc0b0,4ab53451-90ff-4979-b5b2-377d3c425e6d,fac51ffd-8aaa-46f2-a9c3-bff2a2a9473e,rejected,2025-03-29 21:33:07.019506,482.04,155.93
79438f85-19dd-4374-a16a-d0d4a26eac34,9e12369b-5b12-477b-946a-8bea79e5d3d5,b2842d07-1c6f-4942-95a6-eb117e89a7e1,rejected,2025-11-07 19:07:03.258924,391.36,232.3
4a4b8de8-d98e-4096-9524-fb5024d7f459,b24b4775-27e7-4274-97f7-405956e7d3d0,742da192-bcb9-4810-b704-bab2bfac2383,accepted,2025-06-29 00:31:20.997644,461.14,553.51
dbe0bc38-ece1-4c86-94ea-7da20fb71a26,e318accf-1340-43ea-8058-379084add120,9db9508a-aa73-415d-8ad6-5a455849f155,accepted,2026-01-25 09:50:33.001446,330.13,76.9
f26cd0b4-2196-4b0c-8913-3667f8b364fe,4e3802f4-a4c9-427d-8457-85eb177abf78,263ce2ff-07e2-4491-905d-576405e14c59,accepted,2025-04-02 23:34:54.288451,301.01,715.99
4ff1333a-3de5-45cc-9c2b-3e14f4ea7b2e,f4715b7c-8b90-4809-bf3f-acc563aa2e7d,5cf44aa1-0edc-4031-8cc0-5c60ac58f9ed,accepted,2025-11-11 00:31:36.652937,175.26,24.81
c9586f23-61c9-42bf-af78-143c29dd2103,3820554e-899e-49a5-8e19-a60fe7b65211,9fb282ff-daad-49b1-bd4f-23a9eb6cdb16,rejected,2025-06-24 07:29:39.309952,449.98,706.63
1f61a4b5-4d88-4440-9ce2-d63392f12216,e790395d-980e-487c-b7d4-371d202b9c46,6177632f-2c87-4384-bccf-c195c9c94aca,accepted,2026-01-02 11:23:12.453884,331.32,570.62
01c6f88e-fdd7-4b9a-b3e5-b07544226aa1,029175f5-adc8-47da-8f7d-a726198ccf34,8257b79e-4763-4403-b71c-ab7d2627053c,rejected,2025-08-23 02:45:14.442108,63.77,566.45
a79ba280-fb98-4728-9395-d8693db69bdc,6a03b8ca-92e0-43bc-87d9-568c5a12bc9e,9203a533-4266-4bca-84d9-a886633d9239,accepted,2025-08-09 15:02:16.536707,359.49,582.86
dd5f413d-67ad-40e3-b3fd-48db03e63033,5dd82a5b-ca0f-4270-9395-fc78ec0c97eb,fd65254e-1fdf-47fb-9053-fe8a4af48396,accepted,2025-08-24 03:10:07.859448,96.75,442.52
fcbf6492-e87b-40b5-9bd8-4c2ffe8d78c5,864a60d9-5aed-400e-b89e-887e2f062f3e,9018fed1-b9a6-43d5-ab86-6c5e27adf7d5,accepted,2026-02-28 20:48:21.387980,180.89,697.69
b0d9372d-5174-4869-9a22-0497d8661bf1,0f2d7c6f-f20e-47a0-b991-45657aca7864,22078e3d-b5a5-4b55-905a-152ceeeec304,accepted,2025-07-18 08:27:24.377007,89.41,616.48
9ecb06ab-e90b-4912-a26d-b00f59618ca5,c20400aa-a05e-42ed-b90b-362541586ef6,a6b722cd-a21f-4f99-bb46-745f039e80d8,accepted,2025-05-23 18:08:16.615740,370.48,768.97
b92503ba-2270-492a-a793-2bb95079d53d,29a85287-115f-44c1-9c79-8e8e25c36251,cfc4f3e7-632f-4ea8-a05c-d3f43a5f33fa,accepted,2025-11-24 07:02:57.667959,451.3,768.54
278aa099-4f18-4c60-8dfb-cd5efcab28c1,3b6e5eaa-e37f-406f-b17c-8d5454c89640,7c33cd8b-3dbf-4c22-a97a-a82aadf5a2e8,rejected,2025-07-28 16:37:04.994478,25.86,400.61
eb96c095-0c0f-43d4-a33c-6bcabb8d740e,e0de8565-49a7-49a9-a02c-c63bdbe51b72,fe88bccc-8c57-4913-9055-77a8fb7e0e89,rejected,2026-01-01 17:24:12.827254,311.83,397.31
4849acdf-be5f-4ead-a7f0-a6a49eb6c7fc,d44d0ff7-5879-4912-8fb0-9e1a4dceb7da,9fb282ff-daad-49b1-bd4f-23a9eb6cdb16,accepted,2025-06-21 22:33:09.583166,237.79,356.29
264d3b7a-e28b-4c6a-9a31-caeb43a451de,b0c2d8f4-17c2-4b07-9b90-ee647d2057c8,936a8ac7-9e87-48ce-84e3-ebc60c27eb83,accepted,2025-04-15 16:41:44.505414,443.44,226.1
5c920b5a-de17-47af-a38e-4fa94a04f2fe,f833fbeb-81ab-4148-8cfd-ed421d086c47,11ae5623-ce89-46cc-92fb-179d341136d2,rejected,2025-08-18 13:36:18.744315,119.67,151.95
22371776-86b2-4b54-9dbf-bfb99a98a9bc,cda3be38-8a4a-4c84-8655-7d4f4e277e08,6a360ddf-abaa-40c3-b583-1e53e92f4c22,accepted,2025-08-20 19:08:31.215485,89.78,30.78
06054981-0548-4f5e-8ca2-8ad865994eef,8725442e-e14f-4e90-b5a4-acc055dfd619,251e4416-1dcc-43b3-a541-f07fc103e1ea,accepted,2026-03-14 23:20:05.082069,461.78,43.98
679b2f7f-0fad-45ad-9d81-ea863d55398f,4cfedb6c-e3c1-4565-a628-05a31dff46fa,c6506340-0e3c-47d8-ab5d-7e7c977db914,accepted,2025-05-21 10:22:52.686236,156.5,530.44
08e60e23-38f9-4f1d-b076-2612b26bd5b9,dc871c11-718e-4511-9fb4-994e1174689c,936a8ac7-9e87-48ce-84e3-ebc60c27eb83,accepted,2025-07-01 19:37:44.330127,289.85,773.2
f03feb0c-49c9-414d-96f5-cd27db9ef44f,fecd12de-6f01-46b2-9242-137e346cce29,3f744130-ac9e-4b79-8aee-45ca108d1f0b,accepted,2025-04-22 23:53:30.090033,37.2,615.97
dae9e4e8-d8dc-4015-a474-d1155d4f9e70,3f4ebb78-5e42-48d6-a432-03416102eb41,e7be4fc8-7147-48af-b288-dd4ed6489a2c,rejected,2025-07-14 07:00:36.882009,413.73,607.96
d2b6c33e-0867-477d-be50-6deb4e9edc49,c08c1a14-f7e0-400e-a506-30d07847e732,389371b8-47c5-482a-a759-abccc2a88c3a,accepted,2025-07-02 12:03:06.832386,245.99,102.01
e7ecd780-de32-4e72-a536-2c4b560acdb1,89d9cd84-6982-4a76-82c1-46b039495b1a,98c5db73-d239-4ac1-8b85-1299a8f5ce9f,accepted,2025-08-26 09:20:01.014374,218.6,171.83
dcf6e0ee-1bb6-4702-9b3e-1e668b327ac6,6c3da957-eeab-4ec8-ad44-c779519ce53d,63ece0b3-1ef0-4c25-81ca-851af79de572,accepted,2025-12-03 15:24:14.029253,294.26,783.58
70ffadc5-4313-4c78-bc62-7127dcd2743a,b390225a-fadf-4caf-945a-02f42dc49ef9,20c2a8ee-137e-40ee-b0a7-2d1ea2553dba,accepted,2025-05-16 09:18:40.077864,350.55,747.44
c1f95e3c-bd69-46ad-8c30-746ffe98c337,e0ee6ecd-a586-4ac3-bfc4-601ef5b566c4,1b375bf6-a284-4fe3-b1af-b8fbb696a744,accepted,2025-08-25 15:44:14.590595,426.94,211.43
262cf96f-314f-4820-ac97-e4a24cde7429,779dba3c-f6c7-4c50-9b28-18dbb082394f,7c33cd8b-3dbf-4c22-a97a-a82aadf5a2e8,accepted,2025-08-26 19:58:27.627984,82.26,452.29
655c3288-ba56-457d-a6c2-2d06ed845789,00f70be3-3f9d-412e-9077-7fdb62039d4a,035d6ccf-b693-430c-8819-45ff5c725d89,accepted,2025-12-06 23:37:25.006455,256.4,148.03
a84f1525-57cc-47a6-ba99-9e14b890a3c0,d81200d1-b442-45b3-83f9-4b5b089ac783,932b36d0-b1d4-440c-9bb7-46ab913172e1,rejected,2026-02-12 11:28:23.719507,490.04,6.26
35e6f8ea-098d-42eb-a307-034ab98b997f,fe37096a-46d7-48a7-a205-025751250b5e,3ad26a54-1703-413c-82a1-b7d3e800ee48,accepted,2025-10-27 02:11:00.902955,76.6,679.22
abd2daf2-088e-4f48-939a-5163065e84be,a07fdcb4-7790-4e76-8efd-2a1aff28a3fb,63ece0b3-1ef0-4c25-81ca-851af79de572,pending,2025-08-22 09:07:37.663374,218.74,270.36
598a2ff3-60b3-4723-b275-26de4ca47db3,3a9a764f-9591-446a-b9b2-28532b16393a,56c13f9a-ebc7-4bc0-8967-557465e7294a,accepted,2025-11-05 01:58:39.211313,327.5,553.56
7df2a374-a61e-4f0e-b628-5dc6f69af1b7,5456183d-14b5-4baa-a432-bf40c1fff575,806fc8a8-1f0f-4371-9bf3-5c7878720973,accepted,2025-12-30 14:26:51.894234,263.21,262.52
2c383059-90e7-4ad1-8012-ff78a5e6ab12,a04372e4-76f5-4967-880e-6a935f269acc,263ce2ff-07e2-4491-905d-576405e14c59,accepted,2025-04-06 11:19:48.293108,183.85,580.9
6e494d6f-d7f3-4119-a629-d8805ba9f857,db48fa18-6474-4f53-aeb8-ea7962c04123,50974656-d769-47ff-a59b-a27f24e11f63,rejected,2025-11-16 15:58:47.789271,113.13,667.89
ed33d763-b818-4287-85c4-247c194aff91,05779d65-0559-4912-ab38-34b1517af7a6,f25dea73-7080-412a-b175-b2038860a9f3,accepted,2025-08-11 21:17:04.036186,247.76,33.27
18ba4060-2aff-4836-bdea-9e37078cdf23,e58cca0d-9b3c-41b4-90c7-c104e9edf321,c692f093-256c-44d3-be28-270059633f56,accepted,2025-09-19 22:07:55.061534,241.1,692.85
ab7413b0-b064-4651-b4fe-e0cf128252b9,c6b0f444-0865-47fd-a295-4f4092c9dbef,0f3a939b-b21c-4d3e-8425-1a42711e85c7,accepted,2025-12-15 09:58:07.716285,410.8,742.59
1f269256-cd5c-4a69-b1bd-b2df35a0d9a5,cda3be38-8a4a-4c84-8655-7d4f4e277e08,fac51ffd-8aaa-46f2-a9c3-bff2a2a9473e,accepted,2025-05-13 22:56:53.894439,367.98,255.82
0e940f6c-2725-4683-8fb3-4175eadcb90b,d3236a55-c97c-44c0-967b-b22e1be5a627,29d07ba3-45fc-4b4a-9ef1-5673146836d5,accepted,2025-03-27 21:30:51.295501,349.04,640.63
445e99bc-75c7-410e-bf15-e93ca8f6c071,9994233f-ee2d-43ea-879a-a07ea882c9f4,51fd3b2b-5a6e-4633-9995-dcf0845b9136,accepted,2026-01-20 11:46:28.366042,91.67,673.39
213b998c-7133-41b8-ae0e-a320691c35b2,c22d2b5e-d824-495d-827f-40c159611d1a,00a10016-7c15-4db1-9c47-5e1230b78936,accepted,2025-11-19 04:30:26.518098,424.35,458.93
73c5decc-2782-42ed-a46b-0f213bb23c73,8b3afa3c-3565-4394-81a3-5b0e87a06665,873238f7-7edb-47b2-a806-550c7e693cf1,accepted,2025-08-23 13:27:39.159008,435.0,602.47
b5a85251-26e7-416b-b254-739cee5b5751,e0ee6ecd-a586-4ac3-bfc4-601ef5b566c4,26a3c629-775f-47fe-9bf2-fed97b57847e,rejected,2025-05-01 15:02:42.552180,150.32,74.0
af3f7bf5-62d2-4265-b67f-a6c89458868c,42c02b48-632c-463f-bd8b-100cb9bf8008,2b5b2f3b-8df9-4db0-8ecf-963a855ebce2,accepted,2025-06-10 17:13:18.917145,418.14,245.59
fadba0c2-9a54-4f1e-9e86-af301e957b8e,e39f22da-0bc9-4b6d-a212-5c8704184b83,afc5b393-2c72-44ad-a624-258166f88025,accepted,2025-11-07 03:53:09.545449,199.62,34.73
545efeea-29eb-40ea-8773-0e6a2b1ce09b,a613cc04-e2e4-4a12-a4ce-df533448f244,20c2a8ee-137e-40ee-b0a7-2d1ea2553dba,accepted,2025-07-26 19:04:05.325569,31.97,388.72
4fa936c5-60c5-48ec-a475-421c2a18de8d,4e3802f4-a4c9-427d-8457-85eb177abf78,22078e3d-b5a5-4b55-905a-152ceeeec304,accepted,2026-02-26 07:20:37.990277,463.35,587.29
2c32022b-8759-43dc-9596-66b7688a2fc6,e39f22da-0bc9-4b6d-a212-5c8704184b83,4616e93e-047d-459c-82d8-eba38aecd3cf,rejected,2025-03-28 08:25:30.119101,88.78,698.08
5b2de092-2246-4b57-b8e8-f5ef3809af9a,e418bb89-3dd3-4f3f-ab55-a6a2c10f1c7e,fac51ffd-8aaa-46f2-a9c3-bff2a2a9473e,accepted,2025-05-11 13:32:42.614509,83.7,581.03
797399fa-853c-4eb6-88a6-a7a827515ec0,d522190c-98e1-4463-b8f4-f541cfd073d6,8c6f05f5-fa4f-43f0-9a51-948456be6a06,rejected,2025-08-27 20:27:22.721375,270.73,8.27
8ee1f7e7-f343-4041-8980-eac0fa588f41,09e16c54-b30a-41e7-9012-eefef488a018,a7aa7082-85de-4895-8813-f2985518a775,accepted,2025-07-30 00:19:44.030128,305.26,74.23
e7ff80bc-6c8e-4a56-bfec-5fec77178210,6e66bef2-6420-4994-9da0-11244399d3e7,a7aa7082-85de-4895-8813-f2985518a775,accepted,2025-08-25 16:00:29.948542,387.77,597.72
0e81b6cf-06ea-4824-b6cd-aa407257ad2d,6aef69db-51f9-4cc8-a475-86a0f085fea0,2099ff17-cf39-4cd0-a792-f8bd8f41db6f,rejected,2025-04-13 14:30:08.179848,326.65,171.83
8969fcca-1587-4405-ae7e-cfd6f5d9c261,01ff29f0-3350-4808-bb57-bfdd85d1f99e,a19c76c1-bfef-4ae2-bf22-ce651c1451c8,accepted,2025-05-05 19:32:43.166236,275.49,619.37
09c157b9-5095-435d-91d5-9594dc01c1dc,8869f9b1-78f4-4bf6-87c8-0cf46e62bba8,7319da71-2c44-479c-b37c-1efc7c24f997,accepted,2025-07-28 13:08:17.654882,95.6,96.0
37e3a7e7-ce99-4acc-b830-6c2485b15184,2bbfea06-918f-42d1-8c9c-9f0b68a5db7f,7c33cd8b-3dbf-4c22-a97a-a82aadf5a2e8,accepted,2025-07-09 08:22:13.373817,69.14,436.31
9cbe0b73-f6bb-41eb-b5e3-453f313dc873,0128a9c1-93f5-455e-952f-91ebb3808ea4,26a3c629-775f-47fe-9bf2-fed97b57847e,accepted,2025-06-26 07:28:14.381025,472.77,644.18
ab33be77-eed2-4075-8cfa-647193a079ea,f8a2b4cc-18bf-4e7b-80a4-48efb6eb42e6,63428b21-1302-4d3d-9ea0-4c5655230267,accepted,2026-03-02 08:13:52.712033,169.46,714.33
12eaca9a-e625-4868-8c22-48627fce9ed2,671debe4-b02e-49b6-b503-4cc914a955ce,b8c972f3-674a-4f8d-a777-78ba1d3bd532,accepted,2025-03-25 23:41:35.456528,33.92,723.12
54cb7dae-0911-4944-a10b-25e0b53c3f30,42d704c0-9a35-4d6b-ab86-8dce538077d7,857c4d41-5c3d-47d5-b8d7-b3ca644f24cf,accepted,2025-05-23 11:23:44.180522,61.34,316.57
0f8a1098-2af4-493a-9732-9cc0a4425e33,e5bdb056-c0fd-406f-a7d7-28cade3a3ddf,936a8ac7-9e87-48ce-84e3-ebc60c27eb83,rejected,2025-09-21 14:58:25.933442,322.15,553.65
c0b43833-2a6d-453e-84d4-91153f22a124,210bc1c4-0460-4f0e-aee2-05285db8861b,63ece0b3-1ef0-4c25-81ca-851af79de572,accepted,2026-02-13 04:26:14.680725,179.52,162.53
e51bf3a0-a0b6-4871-82a6-e5c73fb9451f,56b4415c-6695-4625-99dd-d820aac1fa27,6b65021c-2086-4699-8355-05184f72e23c,rejected,2025-04-28 12:48:27.645797,57.7,738.61
88bff677-cec7-402a-8209-b88e07ab63ef,b57a55c4-ae92-4fb9-a9cc-5ddc932514b6,3ad26a54-1703-413c-82a1-b7d3e800ee48,accepted,2025-12-24 13:41:44.616179,64.6,642.87
92220678-55fa-4100-8221-0c8f267e8941,9a7a7124-f751-4999-b93c-852e79f73f16,3ad26a54-1703-413c-82a1-b7d3e800ee48,accepted,2025-11-28 15:58:10.342272,168.99,517.31
89f0b2d7-200c-4bf0-be51-e86bf6c8e488,eddf97c9-7be6-4a99-b4c0-d82c0e05d778,3ad26a54-1703-413c-82a1-b7d3e800ee48,accepted,2025-06-02 21:24:57.268504,474.78,119.26
89e4d316-288f-4654-8dbe-4d4b4c96099e,c6b0f444-0865-47fd-a295-4f4092c9dbef,63ece0b3-1ef0-4c25-81ca-851af79de572,accepted,2025-10-26 00:06:41.720896,194.46,150.77
470550e0-ee8b-4247-ba86-266f26a94795,47e55e9c-3521-4c9f-a361-d34a285ec500,6b65021c-2086-4699-8355-05184f72e23c,accepted,2025-11-24 23:48:38.878435,433.18,263.19
e38ebfef-56fe-4bd8-8ccd-8866dda6b6e2,f5a1480f-3ae4-48c8-9462-309d56ad0202,50974656-d769-47ff-a59b-a27f24e11f63,accepted,2026-03-16 06:17:01.776635,74.19,385.53
a1be5d46-e1c5-47ba-842f-a8fda50a2883,e9e03e98-eb46-4d6e-9ab1-a4855b7a26b4,b997845e-76e8-4247-b0e4-5fe430a776c4,accepted,2025-05-28 15:15:30.059575,187.34,461.87
afa46713-06a7-4b22-96ee-91d3a476e445,bf1ca149-f760-4616-918e-cd80385d283c,857c4d41-5c3d-47d5-b8d7-b3ca644f24cf,accepted,2025-05-05 02:18:20.846020,362.85,90.05
6f5469b6-eaab-450a-af17-619a830a7f87,b3f6aa30-7bb2-4986-80de-aaa9222d4a5a,6a360ddf-abaa-40c3-b583-1e53e92f4c22,accepted,2025-04-12 13:39:55.650556,165.02,371.48
30b918c7-6286-4e74-9fad-b630a43cb96b,a206b8d6-b3f8-47c5-8a8a-3df1828dc77a,27e68da6-e956-402b-82f7-f7c8cfc39e90,accepted,2025-05-18 14:00:26.296964,136.97,131.42
2ebf0da2-db3c-4a92-a3b5-cf63d376a850,4964ad1b-9814-43e7-9dbf-12dfb2944a1f,8c6f05f5-fa4f-43f0-9a51-948456be6a06,accepted,2025-12-02 01:46:20.426787,119.95,556.78
1f1157ef-957b-4cd4-8c7c-597d9b7fe752,33ade577-2960-4d36-a525-36470d5c6694,11d1e926-5c44-447c-87fd-2982a0af2db4,accepted,2026-03-15 18:18:21.406481,184.26,556.84
aa8df8c5-8132-4a6e-8cb6-eb9c43055170,e8bc2033-bc51-48c7-b1bc-ee0689217e01,52350145-c4e7-48b8-8bf8-138cfa167256,accepted,2026-01-06 13:18:26.656222,374.9,570.97
53aec7e8-ee20-4972-a6c0-de9ab13f4eaa,dd9a946e-c9c6-4744-93bd-4fd0a2a3c495,3208ebc8-095f-4a0c-a0df-69c8a220c748,accepted,2026-03-04 21:57:09.499743,306.12,263.68
95e66e08-8ba2-4d9e-a380-4bb8e8693ddb,a70eb1a9-26cb-40df-8068-3ac2b49b69fb,b8c972f3-674a-4f8d-a777-78ba1d3bd532,accepted,2026-03-11 20:37:11.078628,478.82,60.34
aa960434-16d9-444d-989b-3a0387ffe8e6,29354388-6ac2-4fb0-b938-58baa56afbfa,e32440cd-1baf-4865-8a12-d18d1ebe7303,rejected,2025-11-15 10:39:58.958756,390.24,306.23
aa368a3e-1c7b-4067-ba41-b9150e02648c,889ec51e-8cd9-4c40-b8d4-ed1be6cf3db7,4ff1a953-3c1a-4939-be70-7f98ac406bbf,accepted,2025-11-30 16:12:16.823877,63.46,654.54
89eb3813-a552-4323-abfb-677220fe2ccf,9994233f-ee2d-43ea-879a-a07ea882c9f4,3f744130-ac9e-4b79-8aee-45ca108d1f0b,pending,2025-10-03 09:41:09.783997,325.34,5.15
70ae96c5-9f4c-4c33-84c9-fdfe9bc2e937,a419a4be-b1c5-4473-b98f-307f7b132594,52350145-c4e7-48b8-8bf8-138cfa167256,accepted,2025-06-30 13:47:20.901977,275.0,315.04
cf6d8f61-7958-412b-b912-b20ff68c1b68,8725442e-e14f-4e90-b5a4-acc055dfd619,88eea8ec-a930-4c3b-af3e-41a6e7375816,accepted,2025-07-04 01:53:28.706554,347.13,256.7
fef04525-9ede-4d9e-a94f-2b77367c7b07,a77867c4-d885-4ef2-9c44-35dde72bbaf6,f25dea73-7080-412a-b175-b2038860a9f3,accepted,2025-05-13 01:11:46.571407,472.8,350.61
c8c603f8-ba2b-45d6-a85a-a758e37844b4,a3c7a372-29d5-4176-871b-b61f878bb50a,018f27a3-0d0d-48e3-8ca7-d9816bf11b8c,pending,2025-11-30 16:24:32.234385,299.71,491.14
b9e98232-239e-4c01-abaa-8506095326ec,9b46e6c2-f5c6-4381-acb5-af23a5a95c16,77c5d91a-18ba-43e3-ba0c-e15ac8283f69,rejected,2025-11-27 06:29:49.202657,429.2,54.62
45f03edd-b7ae-4874-b98e-2245036389d5,4b831e77-abbc-4aca-9fed-a74d30dae36c,389371b8-47c5-482a-a759-abccc2a88c3a,pending,2025-05-19 02:34:59.034613,20.4,450.22
fb1013f1-8755-492c-9799-9ad1cc88464f,a7abe9c3-3c98-4788-a744-84f2a4ce5908,263ce2ff-07e2-4491-905d-576405e14c59,rejected,2025-07-26 13:17:48.388929,435.53,192.02
5d20ca4d-1ed0-40eb-af45-01aaf03d50c2,4b53a6bb-9ddf-4cdf-984c-fa5db4dc14f1,9fb282ff-daad-49b1-bd4f-23a9eb6cdb16,accepted,2025-06-06 10:11:28.452530,172.7,309.32
5b3be489-2a35-477f-99ce-d8497573c5d9,a2621da2-207e-411d-abe1-1b0015bd9d96,11d1e926-5c44-447c-87fd-2982a0af2db4,accepted,2026-03-11 07:58:42.702172,337.99,382.52
08035071-45bd-4f3b-819b-fc69764902dc,ab31c85c-baf2-4ba5-a460-a2d451d5bf18,11ae5623-ce89-46cc-92fb-179d341136d2,accepted,2025-12-30 19:36:02.356809,463.75,672.77
4d0374b3-f7a0-4412-97e4-015e59513747,39017c89-3dd1-4604-a7c6-251799776f52,1b375bf6-a284-4fe3-b1af-b8fbb696a744,pending,2025-06-10 23:42:56.269188,341.63,111.75
bee9e004-6d78-4dd7-9d24-a7a4f33f2ecf,b666138a-a159-4cdf-af15-457e08e02f44,4ff1a953-3c1a-4939-be70-7f98ac406bbf,accepted,2025-09-12 23:01:14.858221,366.24,391.93
50329839-bc4d-42d1-aa5a-12725eb13c55,b58a8111-bf38-4edd-bfac-99f4486d34ad,5cf44aa1-0edc-4031-8cc0-5c60ac58f9ed,accepted,2025-07-26 08:04:31.345209,328.28,335.61
9e160ca9-3cb1-4581-8687-56bea84f2fa0,10280f8e-21e3-4048-9233-a41d5e0e3f59,3909e5a7-29f7-4857-943d-595530e0d2df,accepted,2025-10-11 12:59:22.055141,224.34,147.94
4fd31837-d386-4ca6-9333-a959bde3f987,bf1ca149-f760-4616-918e-cd80385d283c,742da192-bcb9-4810-b704-bab2bfac2383,accepted,2025-09-03 05:42:37.675386,236.02,287.47
789f2ab0-f8db-40ed-a97e-41e7e933a09f,17194cf8-bbfb-4572-809a-e4133dc2359a,742da192-bcb9-4810-b704-bab2bfac2383,accepted,2026-03-10 13:23:23.832177,297.41,678.21
031b5ce8-82c0-4b92-bef7-ec51a25d36cf,69d08dec-e593-4029-b8ca-04f29f0e633b,8257b79e-4763-4403-b71c-ab7d2627053c,accepted,2025-05-02 22:05:11.436473,217.2,439.2
967d7cf4-e1ca-4296-928c-cf4edbaa749a,b94f4862-1eff-4672-88ac-7a2892ae6acf,f76bf6d5-a9bc-47b1-bcf6-6f988d83d9c4,pending,2026-02-02 11:38:06.681698,292.71,565.38
c6217b77-82f5-4ce4-8047-aa6a7cec15fe,1429df34-4da5-4474-b9c9-1fd80148cca0,3f744130-ac9e-4b79-8aee-45ca108d1f0b,accepted,2025-04-09 12:52:30.600422,351.44,117.96
afd5207f-7d74-417b-bb53-4ca84d415f79,f897d596-0722-4d54-aaad-cc8c35f82882,c5413235-9648-43ad-93db-50df7e4728f0,pending,2025-08-08 22:43:04.398953,492.16,624.2
86669170-8413-4f0f-a0a4-4f664a81149d,8161b1fd-719a-4ab9-bfa9-a790b594d8b5,fac51ffd-8aaa-46f2-a9c3-bff2a2a9473e,accepted,2025-12-03 09:00:39.297709,447.16,75.31
6a2983e5-a490-43b5-969e-c011a4aebbf2,79461233-5e66-494e-8278-9b2645613ef4,cfc4f3e7-632f-4ea8-a05c-d3f43a5f33fa,rejected,2025-09-07 08:24:23.506007,481.0,67.08
7f127f5a-2d1c-46e6-9af9-15cb9b3f6769,6a03b8ca-92e0-43bc-87d9-568c5a12bc9e,fe88bccc-8c57-4913-9055-77a8fb7e0e89,rejected,2025-08-13 13:28:28.172919,170.0,46.96
1f916970-33a9-4967-8622-3c992871b592,4d88fa7e-fd68-47ec-9f91-84a7690821ac,a8528709-0c4c-413f-9d08-b8ce4495b6b4,rejected,2025-08-13 01:32:20.735753,245.06,412.57
b21c61dc-e175-4afa-a7cf-a12e73358c85,7dc211f9-a3bf-411d-9b01-746b6c0971d5,2099ff17-cf39-4cd0-a792-f8bd8f41db6f,rejected,2025-10-12 11:58:58.572256,222.09,768.66
51abb2cd-8261-4fad-8eef-c69905d8408e,fbfb8ef3-c185-4c19-b472-d198407b1ee2,dba95e7f-4482-4b5c-acb0-5297ffd94e15,accepted,2025-05-01 07:07:39.181483,36.96,738.68
5248847b-c718-4809-8cf6-811c70e27537,fecd12de-6f01-46b2-9242-137e346cce29,afc5b393-2c72-44ad-a624-258166f88025,rejected,2025-07-10 07:31:53.501416,290.58,53.83
5a93efa8-8658-491a-af7c-eb8749b1908b,84a384ab-603b-43f6-84d0-fb1bea216b29,3f744130-ac9e-4b79-8aee-45ca108d1f0b,accepted,2025-04-12 14:39:20.949168,44.78,792.34
a29ae359-4c24-4d4d-a357-fb91e501d5a4,649c7071-ae7f-4dac-be67-390a4e44e698,60636fe1-8492-4acd-befe-9ebedf0c66d4,accepted,2025-09-02 15:55:30.300477,157.67,70.6
17ac9f36-855d-48cf-b804-e56e991a2267,9c66d1e6-3822-4344-bba9-eac1e777a69e,1138d370-4335-41eb-a651-b802501e501d,rejected,2025-09-21 11:35:48.309956,153.37,110.37
8bb0cf0f-3e10-4dd3-b04c-44a14ad7a33b,d9747fb1-b5c1-4ca1-93e9-b70045be80ed,98c5db73-d239-4ac1-8b85-1299a8f5ce9f,rejected,2025-05-02 09:29:36.430943,26.82,93.68
a6ef3112-8234-4b2a-b623-3034930230b7,d9222f52-37b4-4548-ab7f-721726748b52,9fb282ff-daad-49b1-bd4f-23a9eb6cdb16,rejected,2026-01-13 07:49:44.628585,336.39,298.96
5ffa307d-d152-4f1d-8d31-1dcd8dd20200,d9222f52-37b4-4548-ab7f-721726748b52,2bb2ee77-61e9-44d2-b9f2-651149a42f98,rejected,2025-10-03 21:08:12.225864,133.37,148.74
6794b8a5-4e76-409c-bb65-b54543716441,b390225a-fadf-4caf-945a-02f42dc49ef9,f76bf6d5-a9bc-47b1-bcf6-6f988d83d9c4,accepted,2025-10-17 04:56:02.323609,60.51,120.33
9a57a0dc-7614-42ca-9094-904cee0b6dfb,14f71a98-028b-421d-a9e9-65b266dfd48e,22078e3d-b5a5-4b55-905a-152ceeeec304,rejected,2025-12-21 22:43:57.435743,381.33,333.29
36ddb623-14b1-493f-8881-6c39d91ff4f1,44505e80-ac04-4bb1-9236-b0ffe504e0c7,2b5b2f3b-8df9-4db0-8ecf-963a855ebce2,accepted,2025-05-02 15:36:53.984496,368.48,137.99
b3cc3b7c-bd89-4c89-ba60-92c392d6dc67,8725442e-e14f-4e90-b5a4-acc055dfd619,035d6ccf-b693-430c-8819-45ff5c725d89,rejected,2025-09-16 04:31:34.752943,46.08,215.19
c2dd13d4-ce95-4adf-95dc-00edb273be3d,f84f46e0-0b88-445f-ad3b-faba165458d9,263ce2ff-07e2-4491-905d-576405e14c59,accepted,2026-01-27 15:04:40.118604,242.73,383.6
6453eb9f-d0d8-4095-8b9e-2234d1d4c26a,595aedc9-d2cb-41f4-8538-2bfa7afdfa9f,1b909135-783c-48e4-b8b2-8d7167267a54,pending,2026-01-14 04:18:55.192523,462.78,190.76
a3d5ad4e-2cfa-48ea-9c35-ffdf0536f979,f2cbe48c-6deb-4e79-82b0-c57d1474b139,b182a513-39f6-446a-8d09-f20ab016e260,accepted,2025-09-21 18:06:07.229720,146.06,426.7
b3784d93-6b11-4140-a0b9-9bc5abe9aa12,cb9385fd-d79b-4066-81be-cc20f9236a4d,f5a44647-2105-42d3-835d-80a338ffc5c9,accepted,2025-07-05 14:25:32.908496,402.71,308.69
6867b361-d98f-46e2-8090-5f6659fecdea,780cad91-ae51-4b94-b598-58060a75a6b8,c5413235-9648-43ad-93db-50df7e4728f0,accepted,2025-05-14 16:18:23.583428,39.69,734.58
48d49a73-4692-41c1-a7fb-20b17d00e49c,b921c1d9-11cf-41ee-a96f-f8f8b3a7ef7b,51fd3b2b-5a6e-4633-9995-dcf0845b9136,pending,2026-02-20 22:13:50.140030,227.26,734.84
58cb97c2-e308-4144-addd-e0d2acda197d,1dd3ebb4-5003-4078-a36a-6e0f72943e4f,72accb4e-343b-457d-9397-24e22f3508f4,accepted,2025-06-06 20:57:41.250611,148.2,83.13
af457925-9706-41be-ab36-c5fd3bb809e2,6d76f419-5c6a-4a25-b9d0-467b4cb35a64,3f744130-ac9e-4b79-8aee-45ca108d1f0b,accepted,2026-02-25 13:57:10.212754,391.11,600.53
ec36bfdc-83b9-4197-bfa8-d2b0a30063e6,0c83471a-c684-4a00-9185-669fe1188a15,f25dea73-7080-412a-b175-b2038860a9f3,accepted,2025-09-22 01:04:35.677439,113.56,273.24
fb7e05d8-b800-4974-8a5f-205fd698ca0b,095d9874-71cb-4e0e-aa27-f80b8d2e966c,873238f7-7edb-47b2-a806-550c7e693cf1,accepted,2025-06-28 06:26:32.538261,25.08,11.74
5e29ca1a-a3fd-413f-95aa-4fcf5f58ae88,c14d419a-f7f9-434b-82a8-03995db3b64e,f5a44647-2105-42d3-835d-80a338ffc5c9,accepted,2025-04-14 07:48:36.196301,272.13,549.97
25ea2037-ee36-45cd-9d70-1e6c180ecbe3,60a2d2ea-f8db-4058-a5f3-4f8c4852d8bd,0d05f19b-0907-49b5-bedb-e7c72713ebb2,rejected,2025-05-27 05:16:42.849421,140.91,32.06
b142b6cf-fa41-47c1-bee9-7f55a0ef8040,37b1d4ad-39b8-4caa-82d8-52b1b7065ee1,20c2a8ee-137e-40ee-b0a7-2d1ea2553dba,accepted,2026-02-28 19:41:30.817773,305.19,715.7
fe734da2-1c31-4d8b-83d6-f42b17790064,d44d0ff7-5879-4912-8fb0-9e1a4dceb7da,936a8ac7-9e87-48ce-84e3-ebc60c27eb83,accepted,2025-06-24 18:18:53.800046,359.88,100.38
1083854f-2a16-4610-b342-5315b0422fd1,8478d8c5-a6b3-4725-9302-01e18553ed46,251e4416-1dcc-43b3-a541-f07fc103e1ea,accepted,2025-10-30 19:20:20.654330,335.07,720.42
9357af7a-6c6d-41b8-aaa7-0b54f992ca8e,fb8be8ca-f03e-4a2f-af19-2972d50d7d7b,873238f7-7edb-47b2-a806-550c7e693cf1,rejected,2025-10-26 22:28:25.969506,353.91,206.4
8b39f75a-6ee3-4dec-9e53-4e6278bf5a08,6e66bef2-6420-4994-9da0-11244399d3e7,52350145-c4e7-48b8-8bf8-138cfa167256,pending,2025-04-19 15:30:50.570925,326.61,738.54
0d2e9945-8690-475c-b563-e00deacb3764,997328db-a6ab-4ffc-92fe-e1e1fd9ceb6f,9018fed1-b9a6-43d5-ab86-6c5e27adf7d5,accepted,2025-11-05 15:17:06.022593,453.63,617.06
fa8b57fb-212a-458f-8ad7-b08c77e364f3,3f4ebb78-5e42-48d6-a432-03416102eb41,6177632f-2c87-4384-bccf-c195c9c94aca,accepted,2025-10-18 16:11:37.871427,55.52,622.8
7f838390-a3c3-4c6b-bb95-eaadf6dc9ebb,a2621da2-207e-411d-abe1-1b0015bd9d96,8c6f05f5-fa4f-43f0-9a51-948456be6a06,accepted,2025-10-14 14:21:03.345807,48.83,764.71
7a6c25e4-c581-4f50-a474-488fea45fc85,dc63c09e-64c7-4ddf-9f72-e44fdaf095a7,c6506340-0e3c-47d8-ab5d-7e7c977db914,accepted,2025-05-18 01:14:47.864807,256.03,743.23
f81c9518-7130-4e17-b645-93a42b573963,d81200d1-b442-45b3-83f9-4b5b089ac783,b2842d07-1c6f-4942-95a6-eb117e89a7e1,accepted,2025-10-30 14:34:39.855339,256.19,119.38
106a6d89-9fc3-4225-a2a3-ac57fb1d985f,b512da22-4a7a-491d-95ff-0f77f214eb5d,11d1e926-5c44-447c-87fd-2982a0af2db4,accepted,2026-02-08 23:15:59.073962,328.8,730.52
676bd80b-e213-4c22-9127-645ad5a95972,c69762c7-4daa-4144-9aa2-c8cf7c4c3b02,2bb2ee77-61e9-44d2-b9f2-651149a42f98,accepted,2025-07-17 20:02:07.162948,55.0,459.22
cd827432-7019-420b-8a93-2bbe87f5d219,601aa47f-75fd-4bc5-8457-109676429541,18b6b33f-8d61-49a2-889e-5e7a903f4304,accepted,2026-02-16 23:29:21.424359,450.33,123.34
625660a1-8bab-44ad-b16c-48acf2b197ca,204dd8d0-6481-41be-b06e-c2009c0f30d7,5302660b-a17f-486b-8964-83e36d0889e8,pending,2025-03-31 13:38:32.760941,339.01,216.82
b467d922-00bd-4b58-bc5b-20966a610561,dc871c11-718e-4511-9fb4-994e1174689c,0f3a939b-b21c-4d3e-8425-1a42711e85c7,pending,2026-01-26 00:14:30.025719,295.83,414.73
29c83d6d-8bc9-4f89-8597-e3fb90d8fe99,8313ac93-3946-4b6b-b9f2-7eaae2159b6e,9018fed1-b9a6-43d5-ab86-6c5e27adf7d5,accepted,2025-04-15 04:31:23.189036,229.31,676.02
d401e032-c4f5-4ffe-87ef-b74b65903865,db7ab169-e8be-4caa-abb7-7214ac7f1f18,806fc8a8-1f0f-4371-9bf3-5c7878720973,accepted,2026-02-25 23:16:37.654374,21.59,763.55
7edc9311-2024-4476-b36d-26a220ac4e39,3321a920-687e-400c-a02c-2dc697a9fb6f,18b6b33f-8d61-49a2-889e-5e7a903f4304,accepted,2025-12-23 03:08:24.342142,292.28,748.36
5b3a6859-6885-4966-9f40-4ebef1469391,a7abe9c3-3c98-4788-a744-84f2a4ce5908,0f3a939b-b21c-4d3e-8425-1a42711e85c7,accepted,2025-06-21 04:27:11.614328,212.3,507.66
e71328ad-d5b4-4097-96c9-c2825c0178c6,2bbfea06-918f-42d1-8c9c-9f0b68a5db7f,4ff1a953-3c1a-4939-be70-7f98ac406bbf,accepted,2025-06-01 12:26:19.384843,276.62,768.94
7e33471d-60ea-4f8e-8299-bd67a933f61d,b38790dc-7b70-421b-acd2-9173c8b4b450,3c7767e7-4fd3-4165-9bd2-a54623f88b35,rejected,2025-10-11 11:45:37.653369,159.18,166.48
a5c5f4c4-ed94-493c-b874-04f5c7180bf8,a58fa048-b687-4966-b67c-27135d759059,a7aa7082-85de-4895-8813-f2985518a775,pending,2025-10-28 06:43:59.428912,337.15,242.6
56cc3771-ced9-417e-8dc2-afcfcd9bee86,8b3afa3c-3565-4394-81a3-5b0e87a06665,857c4d41-5c3d-47d5-b8d7-b3ca644f24cf,accepted,2025-03-27 14:01:19.106057,192.45,72.47
fb95a887-434f-41f0-b6dd-e13f211f62d9,e1609b71-fb98-4fe9-aaa2-c22a8421cff5,b8c972f3-674a-4f8d-a777-78ba1d3bd532,rejected,2026-02-04 05:16:34.892708,87.17,158.51
7912f7c7-99a3-4052-a148-946d0122c00b,9174f732-5196-4ed2-b8dd-6b2cc2e4e880,9fb282ff-daad-49b1-bd4f-23a9eb6cdb16,accepted,2025-10-01 18:56:39.615845,206.61,635.23
8d7ef490-3633-4666-99c1-b16710c9330c,a0f16f2c-e8de-4cb4-9086-0befd4cfd116,4616e93e-047d-459c-82d8-eba38aecd3cf,accepted,2025-11-05 23:20:53.864955,483.18,650.36
17ee82a3-6986-451b-850c-bc2b688450b4,57a8d6b9-7335-4cf9-aab5-722e31e76608,29d07ba3-45fc-4b4a-9ef1-5673146836d5,accepted,2025-07-04 20:37:39.169663,46.91,631.28
e8a1d59c-7044-4212-b632-d81c6d8087b6,55d266f2-feaf-4480-8d86-3b10361949cd,77c5d91a-18ba-43e3-ba0c-e15ac8283f69,accepted,2025-06-13 23:05:02.578580,407.41,535.52
584c3ed6-61d2-4294-b493-8e19ee90a90a,91115b51-acb9-4b42-96ca-3055e43cccb0,f25dea73-7080-412a-b175-b2038860a9f3,rejected,2026-01-05 09:34:24.175210,277.55,594.14
a14e4ec7-364b-40e8-9012-23ce6d60ea67,dd16f11a-aa60-479a-b315-2a4f006ee328,1138d370-4335-41eb-a651-b802501e501d,accepted,2025-08-11 20:15:09.658051,87.96,524.8
77290080-a9ce-4bd3-93c7-3ac01bb34655,79461233-5e66-494e-8278-9b2645613ef4,7c33cd8b-3dbf-4c22-a97a-a82aadf5a2e8,accepted,2025-08-29 04:12:07.468015,356.62,108.78
4e409ca6-804a-4c02-9af1-82abd2ee7a12,e8bc2033-bc51-48c7-b1bc-ee0689217e01,cfc4f3e7-632f-4ea8-a05c-d3f43a5f33fa,accepted,2025-11-23 00:45:51.687301,167.52,635.99
948e5788-cd64-44fc-9ca7-98b349a3947c,10280f8e-21e3-4048-9233-a41d5e0e3f59,63ece0b3-1ef0-4c25-81ca-851af79de572,accepted,2025-05-13 06:14:17.933221,303.7,655.15
eda22a61-c4e2-458d-8de2-07887ca4566a,cb685a60-40ce-4460-ae6e-a281c07e02c2,263ce2ff-07e2-4491-905d-576405e14c59,accepted,2025-08-15 07:47:00.721138,403.6,180.36
6413d4b2-19b1-4da5-af59-c1c5bde7b355,af309031-8517-486e-bb15-12cd8562a204,40cc51a0-c68d-4912-977b-0ffc93a43d38,accepted,2025-09-02 03:43:53.560187,409.53,785.84
83042950-d6e8-4d58-ba5f-1849d404d55c,99f85de8-a328-4eea-b156-a2231ce0f144,77c5d91a-18ba-43e3-ba0c-e15ac8283f69,accepted,2025-07-18 18:35:22.068639,488.41,462.89
47f95f77-b54d-4a97-b035-47571696dac4,294c91d4-fbad-4537-8b0e-032d3cc63cd8,1653a1a4-4584-40f8-b52e-6709d07ec937,rejected,2025-05-07 23:54:29.958485,400.69,612.56
3a550d85-93c2-4676-a384-326adf59da81,bc7962a8-3679-4bcd-b1a8-2651d3d96583,c6506340-0e3c-47d8-ab5d-7e7c977db914,accepted,2026-01-25 04:06:52.137543,77.96,117.28
2a9e665b-4df0-4722-b29e-636bcab6932e,c9ea133c-ab62-4652-bf9f-106985dd3c8c,b997845e-76e8-4247-b0e4-5fe430a776c4,accepted,2025-07-11 03:35:38.103225,285.64,353.74
a004188a-41f7-4826-a98a-7f39289ac901,a3ea8c5d-eec9-41e1-8376-93adcca8f31c,3f744130-ac9e-4b79-8aee-45ca108d1f0b,accepted,2026-03-12 09:19:07.632103,67.98,678.66
7e705e0b-e620-411a-a558-4955b51eba6c,feab360e-2c1c-4b2f-9364-feeb44c80ec8,00a10016-7c15-4db1-9c47-5e1230b78936,rejected,2025-07-20 15:58:42.606213,27.5,392.14
0d22c745-1e21-4608-bf1d-a02a38f360f3,a04372e4-76f5-4967-880e-6a935f269acc,5302660b-a17f-486b-8964-83e36d0889e8,accepted,2025-08-09 03:35:49.711406,62.79,523.15
28173c49-e5d1-48dd-b1e0-7b25df889e4a,9994233f-ee2d-43ea-879a-a07ea882c9f4,1b375bf6-a284-4fe3-b1af-b8fbb696a744,accepted,2025-12-19 08:20:59.425193,407.56,619.19
321a6e15-08e7-456a-89e3-6e2d0038fb11,0fec27c7-f57d-46ef-aa56-f6989e2a880f,c4dc6416-4d40-4175-8118-b1d90e621e08,accepted,2025-09-20 14:44:07.136477,327.12,420.85
802dc987-016e-4649-8392-2e40657d639f,7d807492-33c8-4d83-991c-35c953838583,2b5b2f3b-8df9-4db0-8ecf-963a855ebce2,pending,2025-04-24 07:19:33.360344,313.06,34.91
f624f968-5bf7-43bd-9383-a8def7d9ac6b,b835f74b-a1fd-4911-abb3-039228321fed,8257b79e-4763-4403-b71c-ab7d2627053c,accepted,2025-06-12 19:33:32.858777,476.14,503.62
4bb97d70-1c1e-4c1a-8ec9-4b1a752f9771,cb058594-0be5-4543-b516-6faf648a3bf6,afc5b393-2c72-44ad-a624-258166f88025,accepted,2025-04-30 06:32:26.539179,22.19,192.33
ad7e288d-e65c-4b2b-807f-831b31380361,283c2517-c1e5-43bd-953d-a80e758b5f2b,c5413235-9648-43ad-93db-50df7e4728f0,pending,2025-08-27 17:35:37.657200,317.08,690.87
50e75e3a-b0b6-49d4-aa7e-bff362f9ce17,671debe4-b02e-49b6-b503-4cc914a955ce,c1b2b0a1-e231-46c4-a835-984ffe81ca2c,accepted,2025-05-06 23:26:33.336258,389.76,529.17
a7170447-f5a9-4aa8-a170-baa520b054ae,997328db-a6ab-4ffc-92fe-e1e1fd9ceb6f,4c4c3331-66e3-48c2-b51b-b539603203e1,accepted,2025-04-04 00:08:12.833545,402.37,549.77
1db91c09-de18-4066-877d-dc61e498a5c9,886e1af6-8088-4efe-9a6a-8dfcf34057e8,d35f8cff-4ac9-4e8a-979e-2d4a85453a70,accepted,2026-02-24 19:33:36.477424,96.68,738.53
ee82a095-6e4f-4f76-b68f-05114c438b30,fe4af60e-3724-4d14-a4b8-f73c4d36499b,4ff1a953-3c1a-4939-be70-7f98ac406bbf,accepted,2026-01-26 03:35:45.486631,120.6,204.85
e098eb50-e7b0-445b-93fc-c51d9b13fc0a,db48fa18-6474-4f53-aeb8-ea7962c04123,7e19da53-a92e-4e30-b261-d1fe6aef406e,accepted,2025-08-16 05:48:42.707846,70.12,46.7
46559e7e-1074-4632-aa80-39e7312bb213,ec1a335a-bfba-4596-8542-17b1fedeb105,c6506340-0e3c-47d8-ab5d-7e7c977db914,accepted,2026-03-03 03:12:58.290052,33.95,414.35
8277a6a5-2ed3-4a2b-8276-1315e2110b58,b666138a-a159-4cdf-af15-457e08e02f44,2b5b2f3b-8df9-4db0-8ecf-963a855ebce2,rejected,2026-02-09 01:58:59.559922,304.5,264.15
7510291c-e36c-4028-9d9e-0b85b9d7f573,cb5269e4-5ca1-475a-aa95-087dacb2e652,1b909135-783c-48e4-b8b2-8d7167267a54,accepted,2026-01-07 15:17:40.641938,176.33,624.29
158cef03-b967-4fab-bb80-c1fb7ea86010,14d217bb-8d1b-4210-bc23-909eba428ca3,932b36d0-b1d4-440c-9bb7-46ab913172e1,accepted,2026-02-20 13:35:05.687460,374.12,696.56
eb859cbf-419d-464d-aa14-5437f802b37f,ef7b18ef-c074-4108-b319-f50f79d9d8cc,0d05f19b-0907-49b5-bedb-e7c72713ebb2,accepted,2025-12-04 21:46:54.450434,300.84,48.2
47de69ab-e923-437b-8fa4-13bb3ed2492d,b58a8111-bf38-4edd-bfac-99f4486d34ad,9db9508a-aa73-415d-8ad6-5a455849f155,accepted,2025-05-24 20:34:59.616103,312.53,146.56
3efd8448-9427-4880-a99b-998e6f09654d,de45a3c6-572c-4cb8-b682-32197af660c7,5cf44aa1-0edc-4031-8cc0-5c60ac58f9ed,accepted,2025-05-13 17:18:01.425698,113.19,290.08
1325bead-ef5f-4c45-a680-6f01b05f349f,93f4a725-17fd-405d-be4d-d2011a5e6856,40cc51a0-c68d-4912-977b-0ffc93a43d38,accepted,2026-03-15 06:58:18.770014,35.41,457.09
cd49d108-8e0e-4b41-a57f-2d1a418a456e,d9747fb1-b5c1-4ca1-93e9-b70045be80ed,5cf44aa1-0edc-4031-8cc0-5c60ac58f9ed,accepted,2025-09-03 00:31:56.431247,243.46,337.49
1ae3cead-f861-46ac-8cf5-24374eec6147,a5fa8c95-3385-4517-b1b6-b77b0e73758a,586992ed-a9e3-4bf9-9818-cf57262f3b16,accepted,2026-01-31 14:18:33.640263,161.68,129.65
819807e4-35a4-423b-a74c-81e63dbdec6d,c9477322-b70f-4f5f-9000-b7b9c611757f,56c13f9a-ebc7-4bc0-8967-557465e7294a,pending,2025-09-14 04:22:17.400808,454.68,464.61
2b8819c1-9a76-4093-801e-1f04282d0414,a58fa048-b687-4966-b67c-27135d759059,932b36d0-b1d4-440c-9bb7-46ab913172e1,accepted,2025-04-18 09:53:30.519336,431.35,393.92
81bf2408-212d-4b65-b284-3e5c4e89e8b8,ce42a3bf-7a27-4da1-913b-5a48953cc75d,9fb282ff-daad-49b1-bd4f-23a9eb6cdb16,accepted,2025-08-07 03:36:34.788127,242.13,16.53
ff97d7a6-d6d0-40f9-8a72-b3fb8bee9a30,51cbb1e7-b2b7-4c7b-aa20-06d15638712f,60636fe1-8492-4acd-befe-9ebedf0c66d4,rejected,2025-08-30 12:31:01.666692,138.96,350.23
2f1fad00-db45-489e-9e2e-0453a5e7911b,4e0a770e-3298-4db1-9030-4eb323d1dc11,9fb282ff-daad-49b1-bd4f-23a9eb6cdb16,pending,2025-06-12 10:42:45.161236,458.6,719.11
54025355-ca04-449c-bf97-36675eaa0b43,4cfedb6c-e3c1-4565-a628-05a31dff46fa,a7aa7082-85de-4895-8813-f2985518a775,accepted,2025-10-15 13:59:51.139086,245.91,616.04
ad6f548b-2056-4395-8fc7-e0f1199fb180,14947fdc-7ab9-4403-be2f-6eb856345ff7,742da192-bcb9-4810-b704-bab2bfac2383,accepted,2025-04-03 07:04:06.855114,250.05,639.42
9b5adcfd-a944-4504-96d5-f0509badd8e4,e418bb89-3dd3-4f3f-ab55-a6a2c10f1c7e,5f8e2436-6b99-492e-a935-d63a30e779fb,accepted,2025-06-27 06:50:42.691980,135.45,449.0
ae9f827d-2d27-4f43-a043-520b028558ee,d85e1250-195e-4c1d-8385-4b80226c339e,97c01076-a980-4464-89ea-fec17a4f5dcb,rejected,2025-10-20 18:14:57.111813,475.97,110.51
3d7f6e59-0e6c-4e9c-82a0-816cc6b7969f,6bcfd60f-688c-4351-bacf-0292c62b3c54,2b5b2f3b-8df9-4db0-8ecf-963a855ebce2,accepted,2026-01-18 08:45:38.795326,63.55,386.43
337491c9-9863-4c81-97fc-24ee6d976e1e,f5acc97a-fc6d-46e0-8e70-a5d5e53846c5,b3ea8d09-e790-4887-95b1-dc707dca7b71,rejected,2025-11-17 03:41:50.147587,431.8,599.09
ef88fd8f-e821-4538-9bba-2d0d3a79ed61,fe37096a-46d7-48a7-a205-025751250b5e,3c7767e7-4fd3-4165-9bd2-a54623f88b35,accepted,2025-06-28 21:20:41.235561,86.54,563.99
ac15a37c-7fd0-41ce-adcc-a913ff8b3700,d40b3fca-5fed-44c6-87c9-1859287bd8e4,e7be4fc8-7147-48af-b288-dd4ed6489a2c,accepted,2025-03-19 12:13:27.240642,357.87,6.08
074d4e5f-69c2-455f-8aaf-d8363175cea8,f833fbeb-81ab-4148-8cfd-ed421d086c47,1138d370-4335-41eb-a651-b802501e501d,accepted,2025-04-24 18:50:12.112272,351.56,427.08
8ddfa618-3533-4fb8-818a-5f3a0f7f1607,6bcfd60f-688c-4351-bacf-0292c62b3c54,742da192-bcb9-4810-b704-bab2bfac2383,rejected,2025-05-04 10:35:04.668740,355.07,491.94
0c8e11b0-2f2c-4ea8-8b76-fca2f584008e,779dba3c-f6c7-4c50-9b28-18dbb082394f,54f7dd2d-7254-425f-b0d8-2dff14e1103d,rejected,2025-06-21 02:50:56.477856,58.86,705.27
10afd325-ccf5-4ccd-844f-550b76c50e8a,18e69b0c-47a6-49a7-9c99-848f66eb2e70,0c0e864b-c477-4e54-b7ec-120884517487,accepted,2025-07-28 02:51:43.413095,456.8,294.37
c5c35e1b-3046-4b44-9336-cfd897c5fd58,c20400aa-a05e-42ed-b90b-362541586ef6,263ce2ff-07e2-4491-905d-576405e14c59,accepted,2025-08-10 19:22:17.294638,243.37,37.5
79ac3efb-a308-43b7-9171-bebf5e04a38c,b94f4862-1eff-4672-88ac-7a2892ae6acf,c6506340-0e3c-47d8-ab5d-7e7c977db914,accepted,2025-04-02 01:07:37.299600,358.34,450.8
781eec6e-d946-40aa-9731-aa8e2a3365a2,298e0525-3d02-4229-b393-d8c71ff00481,54f7dd2d-7254-425f-b0d8-2dff14e1103d,accepted,2025-04-04 04:58:44.635116,180.77,434.01
265b52d2-6d43-4e6b-a5a4-875002d4032b,28b38755-dadb-4322-9ca7-e93f33b951f9,c692f093-256c-44d3-be28-270059633f56,rejected,2025-10-07 17:17:41.494389,381.09,697.55
dc243a6c-20dd-4a1b-a228-0f9939c1a040,4b53a6bb-9ddf-4cdf-984c-fa5db4dc14f1,54f7dd2d-7254-425f-b0d8-2dff14e1103d,rejected,2025-07-26 22:20:22.091197,385.23,259.77
9251fb28-5e60-4178-a0ed-1df12fb558a4,d85ea13d-9573-4f5b-a87b-c4147927c1f2,72accb4e-343b-457d-9397-24e22f3508f4,accepted,2025-06-29 22:21:22.562615,223.01,48.3
d9ac0ba0-f0ac-433b-b4d4-ec099d2558a3,53f2f746-fd54-4ed1-831b-455c6f546748,018f27a3-0d0d-48e3-8ca7-d9816bf11b8c,accepted,2025-08-04 15:11:02.873797,260.7,664.5
7ae7f6be-a1a0-4dcb-82f8-ea97d3333993,7dc211f9-a3bf-411d-9b01-746b6c0971d5,b182a513-39f6-446a-8d09-f20ab016e260,accepted,2025-08-28 00:14:29.296313,416.18,720.06
9ac6cc9f-dc69-4cca-901f-bcd30842725f,f7e90d67-0909-49f8-b7b5-11185567c5d6,7c33cd8b-3dbf-4c22-a97a-a82aadf5a2e8,accepted,2025-10-03 08:27:30.011630,343.19,556.11
ae6a2957-80c9-44d0-8084-8b7399de93d8,8313ac93-3946-4b6b-b9f2-7eaae2159b6e,806fc8a8-1f0f-4371-9bf3-5c7878720973,accepted,2026-01-11 23:01:26.378632,444.31,74.41
011ed422-e17d-46ff-822b-e9680e54a3e3,ebad112b-6e57-42fc-9622-85128671331f,c6506340-0e3c-47d8-ab5d-7e7c977db914,accepted,2025-10-30 03:43:44.961414,479.18,91.95
0fc97347-c754-4802-be3e-309161f76b0d,997328db-a6ab-4ffc-92fe-e1e1fd9ceb6f,263ce2ff-07e2-4491-905d-576405e14c59,accepted,2025-10-25 16:48:02.090745,258.24,700.62
a65da41b-e222-4bbc-82f6-fe1ec8568c04,00f70be3-3f9d-412e-9077-7fdb62039d4a,cfc4f3e7-632f-4ea8-a05c-d3f43a5f33fa,accepted,2025-05-02 12:22:31.652844,219.94,547.51
c74e0ce5-7344-4e3c-aae3-f81a763dd04f,09e16c54-b30a-41e7-9012-eefef488a018,c4dc6416-4d40-4175-8118-b1d90e621e08,accepted,2025-04-20 20:01:47.130570,221.66,591.48
e3d54896-0a51-422f-a2df-b87c14b3ddb8,e2eff2bd-b74f-4a95-97fa-856b7cfc9695,dba95e7f-4482-4b5c-acb0-5297ffd94e15,accepted,2025-07-30 19:54:36.375041,30.58,642.58
247e4088-e41b-4a73-a5c0-cc38bd091973,efeabb75-1718-451a-a0c6-db1d19c48aab,fac51ffd-8aaa-46f2-a9c3-bff2a2a9473e,accepted,2026-03-11 22:29:12.814677,217.61,277.52
23b27453-a95d-4309-bbb7-d55c7abeab07,40717b5e-0297-4fad-8476-6c308f7de670,1653a1a4-4584-40f8-b52e-6709d07ec937,accepted,2025-10-06 06:21:47.052748,339.61,426.48
9ac3bc7e-2355-4ffa-a036-7c4ef2a00a7e,9d153e47-c727-44ed-9669-58bda1b12f5a,b8c972f3-674a-4f8d-a777-78ba1d3bd532,accepted,2025-07-28 01:21:38.799399,292.28,719.13
43931637-febe-4db9-8baa-664acb00d584,f5acc97a-fc6d-46e0-8e70-a5d5e53846c5,b997845e-76e8-4247-b0e4-5fe430a776c4,rejected,2025-05-08 05:09:21.973023,128.86,300.66
7c2522d0-0582-4068-92ca-1051b5aceba8,29a85287-115f-44c1-9c79-8e8e25c36251,9018fed1-b9a6-43d5-ab86-6c5e27adf7d5,rejected,2025-10-22 13:35:19.299596,91.2,231.08
aa5c9b71-1bc8-4434-a28e-b723c10b5b6d,70bb5c4f-d45e-4978-821d-97662ce31845,b997845e-76e8-4247-b0e4-5fe430a776c4,accepted,2025-08-10 03:00:21.252310,97.18,430.58
1a578cb8-3498-4aa8-8e05-555d6ff5da6b,7715ff04-9f05-40a0-a173-12fcfd207ee5,c6506340-0e3c-47d8-ab5d-7e7c977db914,rejected,2025-03-31 05:24:28.446315,352.57,534.75
74d827ac-3b22-4f22-a182-6934801b1961,39017c89-3dd1-4604-a7c6-251799776f52,b3ea8d09-e790-4887-95b1-dc707dca7b71,accepted,2025-03-30 17:39:12.759545,39.75,256.72
36eef61b-f677-4d3b-b420-7f711d5df0ec,a4faf044-19cd-48cd-8162-ee9b8d63cbf8,b8c972f3-674a-4f8d-a777-78ba1d3bd532,accepted,2025-12-02 03:43:04.506224,108.56,452.18
1ce25086-0ea2-4cec-b833-25f818a82a03,14947fdc-7ab9-4403-be2f-6eb856345ff7,6b65021c-2086-4699-8355-05184f72e23c,accepted,2026-01-04 03:54:53.245378,185.05,301.47
2a7b62cc-bf79-40bb-8d1e-93cd7f9688a5,671debe4-b02e-49b6-b503-4cc914a955ce,b3ea8d09-e790-4887-95b1-dc707dca7b71,accepted,2025-09-22 04:53:20.236145,78.32,24.82
4ad7574e-7792-4a9d-bace-c50b773fb1ac,67e8df9d-431e-49d5-9ea0-a20734d90a0d,f769e189-ca17-40fd-ad2d-90cd57c685d0,rejected,2025-05-09 22:07:16.231704,474.94,742.61
a31450ab-0819-4bf0-9b1b-5954b3f1fc17,219c48af-9450-4268-b4ba-68036e3d2de7,5302660b-a17f-486b-8964-83e36d0889e8,pending,2026-02-05 17:31:16.020139,282.15,408.39
5da00716-b8e1-4cac-8df3-975d32696e7d,58797f5c-8c3d-4298-902b-d44ac4cd582a,b182a513-39f6-446a-8d09-f20ab016e260,accepted,2025-05-06 13:49:46.665838,450.07,775.84
8d0a919c-2467-4e11-9a67-3ee2204569f7,767609d2-80d2-4fa4-89ab-d70a272cee1f,2099ff17-cf39-4cd0-a792-f8bd8f41db6f,accepted,2026-02-19 16:41:52.305774,403.8,584.19
14124e38-d572-490a-8048-df09250df996,05779d65-0559-4912-ab38-34b1517af7a6,b8c972f3-674a-4f8d-a777-78ba1d3bd532,accepted,2025-07-10 20:42:03.120300,73.91,385.79
2264b882-df30-4733-a8f0-2968e463daab,7bbed418-fa66-4426-b70e-92845617b046,5cf44aa1-0edc-4031-8cc0-5c60ac58f9ed,accepted,2025-08-07 01:05:19.189291,76.1,24.71
c1d56cd4-3eef-481f-9f3c-5c99f0e4bb1a,de9e9051-5eca-4a75-8537-9af9385c458d,0d05f19b-0907-49b5-bedb-e7c72713ebb2,accepted,2025-10-27 16:38:18.127010,64.39,48.75
8d51faf9-a692-47a2-82b6-0f57a48eeaf8,8988a98a-245f-4287-a2eb-1913c0799d6d,a19c76c1-bfef-4ae2-bf22-ce651c1451c8,accepted,2026-01-18 06:35:21.574921,126.63,748.85
e7455f0e-f508-47b2-9eca-96a965e78935,83892f1b-f639-4ab2-9a2d-1476b496a9c2,40cc51a0-c68d-4912-977b-0ffc93a43d38,accepted,2025-10-19 08:59:27.214438,278.44,359.14
3ceeabff-c588-488e-9981-782c26f6a07b,8869f9b1-78f4-4bf6-87c8-0cf46e62bba8,20c2a8ee-137e-40ee-b0a7-2d1ea2553dba,pending,2025-09-17 19:32:40.088398,209.32,394.92
b2d46b14-6db8-420e-b82c-9d6032997142,a180e033-9686-4794-aeec-e946410cff61,251e4416-1dcc-43b3-a541-f07fc103e1ea,accepted,2025-09-18 16:34:28.312871,46.9,535.08
06088d35-8e37-43c5-b6bf-b688fcfc590b,9778f23e-8b52-4580-9a7c-2493507ceb11,9db9508a-aa73-415d-8ad6-5a455849f155,rejected,2025-09-11 10:25:16.479739,225.27,311.96
5e097b91-e5fc-4c77-a4b6-4ec0da07fadf,d85e1250-195e-4c1d-8385-4b80226c339e,1b375bf6-a284-4fe3-b1af-b8fbb696a744,accepted,2025-10-08 03:00:07.281155,167.88,359.23
0a63379b-682f-4de7-8f83-3508dea86eb4,7bd067a0-e92b-4504-bcff-6cf0dacfea33,20c2a8ee-137e-40ee-b0a7-2d1ea2553dba,accepted,2025-09-05 23:20:15.406492,446.15,594.51
615c9e5d-5a93-4ee5-b663-dd9fea4e13bf,c9ea133c-ab62-4652-bf9f-106985dd3c8c,b8c972f3-674a-4f8d-a777-78ba1d3bd532,accepted,2025-03-22 14:22:43.012630,406.72,776.44
0e06510d-7248-4013-970f-2d61de798b1e,f8c6605a-0cda-4f65-bc12-0d0cddd09fa9,035d6ccf-b693-430c-8819-45ff5c725d89,rejected,2025-07-15 12:06:35.407317,86.99,471.81
ea95a736-a6b8-46cb-85a2-e973bc24bb70,2e9e84c5-0cf2-46ff-8074-586a925faef8,9db9508a-aa73-415d-8ad6-5a455849f155,accepted,2025-04-25 13:18:38.094966,247.81,694.68
7ac1ab52-36f7-4048-8bef-8c640fef8ad8,f6f247d1-c61d-4ee6-ac4d-7a348d366e30,806fc8a8-1f0f-4371-9bf3-5c7878720973,pending,2025-08-15 15:50:06.315842,303.53,303.74
76e8604d-96b4-41b6-b9be-37445579c168,a04372e4-76f5-4967-880e-6a935f269acc,27e68da6-e956-402b-82f7-f7c8cfc39e90,accepted,2025-07-06 21:34:23.171494,151.2,144.04
e785bc0d-534a-4e34-8d49-8f585ec8d375,6be44aea-ff1f-4886-a6e3-86d6570587fb,b182a513-39f6-446a-8d09-f20ab016e260,accepted,2026-02-07 18:55:11.232362,459.14,163.41
4b5a80f4-9f6c-4683-a1fa-2f22aa958559,9296fcf4-aa96-4a19-9d89-2f764a9e49a5,00a10016-7c15-4db1-9c47-5e1230b78936,accepted,2026-01-29 01:09:16.510129,255.48,659.13
dc25a572-6c8c-448c-bbc9-1bfcead59384,85b4c977-6b95-426f-bd0a-065f7b947b2e,3f744130-ac9e-4b79-8aee-45ca108d1f0b,accepted,2025-11-01 08:29:21.861604,288.45,373.44
4a7e062d-9133-4e9e-b1f4-09fe95524b34,97974e30-9c23-491e-a79b-914455654c6b,5302660b-a17f-486b-8964-83e36d0889e8,accepted,2025-10-20 12:54:34.166496,164.08,514.24
4830d215-b333-457c-a8ba-dff8abeaaa33,72fee8c6-ac2f-4910-8341-c1daafb449c7,d35f8cff-4ac9-4e8a-979e-2d4a85453a70,accepted,2025-06-21 12:07:08.899923,339.64,233.71
7c9d5c41-43ef-4ac5-9cca-e9af7ebf80c6,c259c519-9f3e-49ba-8251-92974c9c85af,3208ebc8-095f-4a0c-a0df-69c8a220c748,pending,2025-11-10 23:17:46.232972,329.5,27.61
3d406996-a1b4-4698-baa0-206e82b8b1ad,b57a55c4-ae92-4fb9-a9cc-5ddc932514b6,98c5db73-d239-4ac1-8b85-1299a8f5ce9f,accepted,2026-03-06 13:21:36.835006,485.9,481.12
38464bcf-e96b-4b0b-aa8d-3439630a521c,a2671612-4ecd-4352-a313-007a98c56327,3f744130-ac9e-4b79-8aee-45ca108d1f0b,accepted,2025-10-13 19:18:36.784819,229.31,210.04
542994ff-eee2-4b5c-bcf7-3300fc34cb47,03180c60-860d-4c33-bfff-1ed7bb2b4f7c,d35f8cff-4ac9-4e8a-979e-2d4a85453a70,pending,2025-06-07 15:07:56.489343,412.77,301.7
7f111685-5c34-45d8-8b86-4a24658d963a,0c83471a-c684-4a00-9185-669fe1188a15,2099ff17-cf39-4cd0-a792-f8bd8f41db6f,accepted,2025-04-04 06:42:36.387940,144.58,467.42
ffef8f21-ed80-4993-8211-4e9afbf88122,966ce9be-14ae-492f-b1a0-6e1f5e75c6cc,26a3c629-775f-47fe-9bf2-fed97b57847e,accepted,2025-09-08 00:02:30.429197,352.78,289.12
ef950894-0ddc-4dfa-8dd9-546c08152e33,fe4af60e-3724-4d14-a4b8-f73c4d36499b,72accb4e-343b-457d-9397-24e22f3508f4,accepted,2025-09-23 23:50:16.323301,325.4,764.35
abe373a3-4c5b-4138-ab9b-4b2ad9b8b580,b7391a7b-4663-423a-9935-ee965c0626b1,dba95e7f-4482-4b5c-acb0-5297ffd94e15,accepted,2025-12-04 22:15:31.339688,326.69,66.08
237ca261-aa95-4bcc-b66f-7f8ead130789,dbb05de1-95c3-4360-ae81-61927718bca2,9018fed1-b9a6-43d5-ab86-6c5e27adf7d5,accepted,2025-12-24 10:33:16.143147,387.05,481.02
fdf4bea6-964f-4ad2-9b58-9db7a2a19f7d,b24b4775-27e7-4274-97f7-405956e7d3d0,fe88bccc-8c57-4913-9055-77a8fb7e0e89,accepted,2025-08-02 09:12:01.072849,171.78,676.77
3b563ab2-df7c-4c35-9853-cc23495a2c70,a07fdcb4-7790-4e76-8efd-2a1aff28a3fb,afc5b393-2c72-44ad-a624-258166f88025,accepted,2026-01-10 15:01:43.445541,355.02,293.21
61ddec2e-fcb0-4706-ae8b-8a1049eb4a0d,71dd33e9-1e75-4c4b-bedf-fcd1c09592ae,3f744130-ac9e-4b79-8aee-45ca108d1f0b,accepted,2025-06-12 23:34:47.908485,88.98,113.87
84c7faf9-e836-44ab-be9f-436c00cfb36a,67e4e134-ff03-4b7e-b1e4-705ea360d944,e7be4fc8-7147-48af-b288-dd4ed6489a2c,rejected,2025-10-11 15:33:23.896148,217.76,737.12
c008dc44-7455-4689-8d12-1331616fca25,029175f5-adc8-47da-8f7d-a726198ccf34,857c4d41-5c3d-47d5-b8d7-b3ca644f24cf,accepted,2025-11-27 09:08:28.455370,261.62,666.1
515daa40-dcdf-4029-960b-d1d928b8b6a6,6ed049e2-7aa5-4eef-8b8f-828070065c2d,11ae5623-ce89-46cc-92fb-179d341136d2,accepted,2025-05-25 04:54:45.666172,419.08,422.89
4dc0fcb0-cb3a-485a-992b-238f3c9c338b,cdeb5d05-fcb7-4552-85cb-0d880213f5af,8257b79e-4763-4403-b71c-ab7d2627053c,accepted,2025-08-24 14:34:52.598910,383.03,95.6
c95fd673-ebda-4421-82c2-a6d5f0679e74,d522190c-98e1-4463-b8f4-f541cfd073d6,1138d370-4335-41eb-a651-b802501e501d,accepted,2025-08-16 11:28:14.311327,82.99,18.82
03c7f118-4ffa-4844-93ff-05476c89657f,12d855ff-fa14-423a-84b7-e5bcfb83c032,4616e93e-047d-459c-82d8-eba38aecd3cf,accepted,2025-08-14 08:27:08.163140,86.73,356.34
90702f58-cfca-4f0f-92bc-50bbd9c90603,2672b69e-e342-4cb5-8b62-38313c8fcbc9,fac51ffd-8aaa-46f2-a9c3-bff2a2a9473e,rejected,2025-05-29 23:48:31.003627,184.18,569.37
ce31c829-66fb-4d2f-bff5-fc9604353d39,15ef8c2a-8c5b-4546-b5a3-d70a6ee260bc,1b909135-783c-48e4-b8b2-8d7167267a54,rejected,2025-09-15 19:22:20.626660,126.73,686.17
25109402-4b2c-4446-a296-aa122a948788,59c1cbfd-3207-44e7-a351-6142be099e9a,97c01076-a980-4464-89ea-fec17a4f5dcb,accepted,2025-10-25 20:36:46.705797,80.17,108.52
6b5a68f0-0359-4507-a8f2-d828e388bcfa,d29aa54a-449f-4eba-9897-f2bb3a45a26d,742da192-bcb9-4810-b704-bab2bfac2383,accepted,2025-09-04 18:31:24.119456,396.33,66.8
0c31eb84-1ce8-4bae-a20e-43a0d14ef8ef,298e0525-3d02-4229-b393-d8c71ff00481,c692f093-256c-44d3-be28-270059633f56,rejected,2026-01-20 09:12:43.854861,40.41,90.71
b9acef12-8ff6-4484-aa55-ebcc23756f16,c9477322-b70f-4f5f-9000-b7b9c611757f,52350145-c4e7-48b8-8bf8-138cfa167256,accepted,2025-12-07 04:46:31.002125,48.45,99.54
d20e7703-84c9-454f-986a-cf3df6fca5be,48376ab2-4684-4532-9507-d3506854d1a0,a7aa7082-85de-4895-8813-f2985518a775,accepted,2025-11-29 07:11:57.676352,340.44,604.87
e45f88e8-3086-4aa3-92d6-205d955fdf2e,cb058594-0be5-4543-b516-6faf648a3bf6,7319da71-2c44-479c-b37c-1efc7c24f997,pending,2025-09-21 23:11:44.174835,118.59,721.43
1d0d457b-405c-4299-b1f2-0968565f4829,d40b3fca-5fed-44c6-87c9-1859287bd8e4,6b65021c-2086-4699-8355-05184f72e23c,accepted,2025-10-07 09:08:30.818570,63.57,677.46
b67edf27-acfe-4555-82f3-60ca0f764d8d,cbfb78dc-0686-45a3-b573-d09c888ec531,98c5db73-d239-4ac1-8b85-1299a8f5ce9f,pending,2026-03-16 01:50:54.853835,186.96,132.64
31d457aa-bcf2-4998-8a72-7de8eb8402c6,4e3802f4-a4c9-427d-8457-85eb177abf78,18b6b33f-8d61-49a2-889e-5e7a903f4304,rejected,2025-09-07 05:49:41.831428,136.07,458.34
17835576-0701-4430-9a75-518c783bc0cd,7b4a96c1-4d3f-4bda-8e5b-5bdffcb9f810,3f744130-ac9e-4b79-8aee-45ca108d1f0b,rejected,2025-08-01 03:41:54.980351,273.84,574.07
943ca5c5-d0dc-4c59-927c-d0fa757affb9,80b09902-235a-4542-9acf-776918a4b39e,1b375bf6-a284-4fe3-b1af-b8fbb696a744,accepted,2026-02-28 22:37:06.512276,381.93,8.44
3bde495e-c5ad-4ce2-9e51-d231dcf79f37,2bd79cb9-f32a-4f50-b9e4-848b816cf7eb,5f8e2436-6b99-492e-a935-d63a30e779fb,pending,2025-08-31 09:50:35.728770,461.83,681.78
54e5d047-ea19-41b3-8750-6adfbc9268af,595aedc9-d2cb-41f4-8538-2bfa7afdfa9f,9203a533-4266-4bca-84d9-a886633d9239,accepted,2025-09-27 05:48:25.031192,108.86,540.45
8fad2edc-6603-402f-8e05-8fefea4a1cb1,cb685a60-40ce-4460-ae6e-a281c07e02c2,873238f7-7edb-47b2-a806-550c7e693cf1,rejected,2025-10-02 01:02:34.763579,491.02,342.15
7fe165cf-6e75-4aba-8d0f-811fe6e35b87,5138b6cb-f79a-42c9-a6e5-a3c0bc2ce3de,932b36d0-b1d4-440c-9bb7-46ab913172e1,accepted,2025-11-18 09:02:41.241085,385.48,254.85
9e3efa6e-4b42-41c1-a237-0e3bb250587d,8161b1fd-719a-4ab9-bfa9-a790b594d8b5,263ce2ff-07e2-4491-905d-576405e14c59,accepted,2026-01-27 10:11:35.949067,257.99,292.19
36af4cd9-fdb9-4e63-b7df-74a5f0cf69b1,29a85287-115f-44c1-9c79-8e8e25c36251,11ae5623-ce89-46cc-92fb-179d341136d2,rejected,2025-11-20 03:47:53.320219,59.48,397.5
6320a296-5491-4bcc-8b4c-f7eecae01c51,76d66cd9-c710-4c79-901f-314de8e40dfa,1b375bf6-a284-4fe3-b1af-b8fbb696a744,accepted,2026-01-04 01:10:05.728530,373.36,551.2
b27e0a5a-5221-4078-b21d-2db567c28635,3b831e17-a50f-4e3b-a90e-5ae9037ba03a,b8c972f3-674a-4f8d-a777-78ba1d3bd532,accepted,2025-06-21 01:52:42.626413,215.5,788.05
3e5cff27-0aa3-48c7-a4ff-7fde6f3ca911,51cbb1e7-b2b7-4c7b-aa20-06d15638712f,a19c76c1-bfef-4ae2-bf22-ce651c1451c8,rejected,2025-09-09 08:44:58.645631,449.48,642.94
0e1772dc-9ced-4c58-beca-2ff0eb9a2d4f,7101481a-daef-4e61-a4d3-41b3afc54b4a,f25dea73-7080-412a-b175-b2038860a9f3,accepted,2026-03-01 04:19:58.474604,26.14,540.96
e6314938-a22f-4def-84cd-d11e3c62b84e,3c685245-387c-418b-801d-c72a655638c6,857c4d41-5c3d-47d5-b8d7-b3ca644f24cf,accepted,2025-06-26 10:14:46.178414,270.88,542.83
6492cba6-99ea-4ad2-9dfc-a25faa18ae87,4e2ef398-6bd2-480d-938e-14ca9a3c4f7a,9db9508a-aa73-415d-8ad6-5a455849f155,accepted,2025-07-03 13:06:54.225904,353.62,782.17
e8e649b3-37dc-4b45-a96a-974624364f1e,453f50a0-6124-40c4-9c57-acb67b1c580d,b997845e-76e8-4247-b0e4-5fe430a776c4,accepted,2026-02-23 09:22:45.833272,488.1,274.21
530647f8-a98d-4500-900a-da9c0c562bff,5e26497c-f66a-4c6d-aac0-93a7ca48b3ba,77c5d91a-18ba-43e3-ba0c-e15ac8283f69,accepted,2026-03-10 06:48:03.859175,422.29,581.53
5d23fe9e-040c-43c1-8334-7409c2982c61,83892f1b-f639-4ab2-9a2d-1476b496a9c2,7e19da53-a92e-4e30-b261-d1fe6aef406e,rejected,2025-12-23 04:28:17.819592,299.32,222.01
a145a3b3-ee64-43dd-ad22-5ffaafad57ac,a968cc67-3a37-4447-86e4-40c837c7e70b,4ff1a953-3c1a-4939-be70-7f98ac406bbf,pending,2025-11-28 23:32:07.769905,190.93,535.01
8cb16409-c2dd-4f9c-84dc-d0a6610f43e0,d43831a1-9cea-429b-a84b-22af07348285,77c5d91a-18ba-43e3-ba0c-e15ac8283f69,pending,2025-11-23 15:01:13.665876,265.48,122.16
05d368cb-b5c8-4db7-b69b-6520c000feeb,3820554e-899e-49a5-8e19-a60fe7b65211,857c4d41-5c3d-47d5-b8d7-b3ca644f24cf,accepted,2025-09-11 03:01:36.083332,254.88,188.5
37ea77ac-abd8-46b0-8e0d-cacc560a137b,cbfb78dc-0686-45a3-b573-d09c888ec531,5cf44aa1-0edc-4031-8cc0-5c60ac58f9ed,accepted,2025-09-07 18:23:04.957884,374.14,665.1
a27d689e-2a15-42a6-9a30-85dcfff538a0,e0de8565-49a7-49a9-a02c-c63bdbe51b72,f25dea73-7080-412a-b175-b2038860a9f3,accepted,2025-10-07 05:38:33.916361,105.97,485.64
e326caee-3a73-4233-a72d-28ab653f7569,d5d1a5e7-273f-41c2-a03c-81d228a2b70c,22078e3d-b5a5-4b55-905a-152ceeeec304,accepted,2026-02-20 20:01:03.724672,319.15,609.34
40ace7a0-8ade-4b2e-8b13-cd977929b7e1,c8de424d-4c27-4bc4-a474-b9438fee8ed6,7bffd16d-2688-4d5b-bcf6-c5ab8782302d,accepted,2025-12-05 02:28:47.275904,256.25,375.49
c64dc814-ab7d-49f4-82ee-fa293fd6c7af,8ff65869-bc76-47c5-8ba0-d2472cc6b266,52350145-c4e7-48b8-8bf8-138cfa167256,accepted,2025-06-29 15:14:08.346194,262.3,436.24
9ef33465-889b-44e8-b730-a2c596c22a1f,649c7071-ae7f-4dac-be67-390a4e44e698,fe88bccc-8c57-4913-9055-77a8fb7e0e89,accepted,2025-10-11 23:30:11.101964,477.24,30.12
3ab40cde-22a9-4e7c-bff7-8198744bf63f,33ade577-2960-4d36-a525-36470d5c6694,7319da71-2c44-479c-b37c-1efc7c24f997,accepted,2025-09-30 22:01:26.102728,170.99,304.19
a04a60b3-04aa-482b-a8be-887a8fca3844,d522190c-98e1-4463-b8f4-f541cfd073d6,f76bf6d5-a9bc-47b1-bcf6-6f988d83d9c4,accepted,2026-02-06 16:33:51.404063,287.2,688.99
1fbfe45d-97df-4f04-a810-37052c40ee4d,03b63022-7220-4b89-89cd-d5ff5c717f2e,b182a513-39f6-446a-8d09-f20ab016e260,accepted,2025-08-07 14:55:11.546090,226.73,253.41
cbb18865-139f-4306-857f-206a7c71feee,8b3afa3c-3565-4394-81a3-5b0e87a06665,3208ebc8-095f-4a0c-a0df-69c8a220c748,rejected,2025-07-20 13:54:38.828615,293.05,394.99
ae77b82c-8101-43be-8051-de9db921fae6,a58fa048-b687-4966-b67c-27135d759059,e32440cd-1baf-4865-8a12-d18d1ebe7303,accepted,2025-12-23 21:02:21.933838,245.51,451.99
fee01ad7-61b3-4b9b-9c1f-4ef0bdc1e85f,caece541-8ec7-4d86-98d1-2836d012d9d4,c1b2b0a1-e231-46c4-a835-984ffe81ca2c,accepted,2025-05-09 00:31:03.309757,146.43,474.88
cda26de1-3ed5-4e15-b531-25ab02880626,3d378740-2f9e-464a-9f92-61d65bdfc7f2,63ece0b3-1ef0-4c25-81ca-851af79de572,accepted,2025-03-31 21:17:16.019428,387.91,231.13
f5f9e3b3-154b-43a8-af22-ebafe1ecfea0,d5c123f6-ff80-4188-959b-47d8024bb673,50974656-d769-47ff-a59b-a27f24e11f63,accepted,2026-02-28 10:35:37.785982,81.54,296.3
e5bab4d5-6369-4f96-bb2c-068ec1e37db4,649c7071-ae7f-4dac-be67-390a4e44e698,60636fe1-8492-4acd-befe-9ebedf0c66d4,accepted,2025-04-14 09:17:46.048392,387.29,502.0
3ec73aab-f961-4a61-8272-e50725b6a441,b46bbb01-506c-44c9-92d1-e3cae45121cf,5f8e2436-6b99-492e-a935-d63a30e779fb,accepted,2026-02-17 00:11:23.015006,496.13,332.48
7ceaa589-130c-40ff-b9ea-71295cfeed40,cda3be38-8a4a-4c84-8655-7d4f4e277e08,52350145-c4e7-48b8-8bf8-138cfa167256,accepted,2025-11-11 02:38:11.822614,132.62,253.12
61907ffd-270d-4b5c-a38a-715579591cf3,9ab922dc-299c-4798-8f6b-ce0c862371e6,97c01076-a980-4464-89ea-fec17a4f5dcb,accepted,2025-12-14 11:31:58.738237,166.36,273.39
f45a2ae4-682e-4bb9-9bd6-d0af50cdafe4,e2eff2bd-b74f-4a95-97fa-856b7cfc9695,a8528709-0c4c-413f-9d08-b8ce4495b6b4,accepted,2025-06-02 16:18:00.209969,241.24,691.38
623bd84e-0b75-4f03-a84c-7e614e0a8d93,23f75796-59b0-40b8-a8ba-e07ca0de5a14,fd65254e-1fdf-47fb-9053-fe8a4af48396,pending,2026-01-12 22:10:08.328353,147.98,558.29
e60ec756-08ea-4d44-a6b9-37d0eaef07f7,1b952151-f07b-4781-b1cc-bcf8114ac3a1,29d07ba3-45fc-4b4a-9ef1-5673146836d5,pending,2025-06-23 13:13:38.729052,201.31,315.29
2e71aac6-8911-4f2a-b2ba-2b58f09b39ba,f8a2b4cc-18bf-4e7b-80a4-48efb6eb42e6,5f8e2436-6b99-492e-a935-d63a30e779fb,rejected,2025-10-07 19:03:29.274205,68.03,541.71
c581483c-42e2-4ed0-933f-dc52fec0d5f0,6573450b-ffa8-4405-b4cc-bddb56481687,f769e189-ca17-40fd-ad2d-90cd57c685d0,accepted,2025-06-23 17:30:41.916766,387.15,274.93
2d8897ba-6173-4efd-8787-30665f171f15,0f9a68aa-c1b4-4b95-bd04-e17829e5ee93,afc5b393-2c72-44ad-a624-258166f88025,accepted,2025-04-25 09:59:49.398821,229.28,400.08
c275083c-1d1c-4886-8772-f7779f8861ca,e9e03e98-eb46-4d6e-9ab1-a4855b7a26b4,1138d370-4335-41eb-a651-b802501e501d,rejected,2025-12-12 03:00:55.956141,277.2,233.45
19f3fcd4-fed5-46cf-9688-043b6d4c8377,b7391a7b-4663-423a-9935-ee965c0626b1,afc5b393-2c72-44ad-a624-258166f88025,pending,2025-06-11 22:01:55.984602,212.97,184.58
d046c4ac-ec25-4f31-9a49-dbe9b073bf61,900fda5d-42b3-406f-998c-d687cb22d991,20c2a8ee-137e-40ee-b0a7-2d1ea2553dba,rejected,2025-04-04 01:32:26.271094,297.53,475.53
e07b4e80-36b0-4c6a-b7bf-4897fb450354,059c9865-e907-4ca7-b5e6-ffb2238bf049,806fc8a8-1f0f-4371-9bf3-5c7878720973,accepted,2026-02-10 03:10:13.545233,274.91,344.55
71cb934b-4beb-418f-aa68-5635ce55abaf,2f47a083-db6f-4f67-81df-cd94a4e55a66,1138d370-4335-41eb-a651-b802501e501d,accepted,2025-06-06 22:43:35.564396,164.89,644.28
edb3ae36-8f45-43f0-ad66-d578c583085d,abbaeb0c-fa47-4d48-828e-79986ab1f671,52350145-c4e7-48b8-8bf8-138cfa167256,accepted,2025-06-09 13:31:56.848945,116.04,324.83
2d1d2b8b-a72c-4ffd-af47-619c9ffd89ea,94f42de8-33d4-4cb6-9348-d9fead91eee2,fd65254e-1fdf-47fb-9053-fe8a4af48396,accepted,2025-04-22 02:51:15.541332,386.45,148.58
b0ed9d24-e007-48e3-aa3a-7c4a837ce7c0,0a3b8825-e0f0-45fa-b4b4-9db2eca61a57,cfc4f3e7-632f-4ea8-a05c-d3f43a5f33fa,rejected,2025-07-15 03:49:03.678873,434.1,463.59
abc1adbf-518c-4e5a-8fde-6d5c92065964,407cfce2-a864-48c9-8544-13cbd6590163,52350145-c4e7-48b8-8bf8-138cfa167256,pending,2025-09-05 01:31:20.379668,376.26,376.5
47fa0c39-7d3f-46c9-9f22-472687af4f4d,a2b0b153-02cc-47f8-ab15-3597576cf2e1,56c13f9a-ebc7-4bc0-8967-557465e7294a,accepted,2025-11-20 07:42:30.685866,314.92,616.45
a8827264-8e2f-41be-abfc-0e7d0bfce9d1,cb9385fd-d79b-4066-81be-cc20f9236a4d,41f0a418-8a72-45df-8e28-6f8dfe6dcce6,rejected,2025-05-05 17:32:45.906943,48.74,164.52
b915fe1a-001b-4186-8915-9da23d4f9eb3,6be44aea-ff1f-4886-a6e3-86d6570587fb,9db9508a-aa73-415d-8ad6-5a455849f155,accepted,2026-03-03 19:16:59.104377,378.29,613.6
03cd8655-406e-450a-b26a-3d4e91314d3a,823549b4-414f-463f-9bfa-1b3485e32709,11d1e926-5c44-447c-87fd-2982a0af2db4,accepted,2026-03-08 16:40:25.164889,432.89,729.35
a2659c07-2223-47b2-b739-1d2462c92889,6a03b8ca-92e0-43bc-87d9-568c5a12bc9e,54f7dd2d-7254-425f-b0d8-2dff14e1103d,rejected,2025-05-13 05:00:59.845545,148.13,233.2
9788914e-504c-42df-a6e1-de8016b266e2,226a19da-5b4c-4567-be5d-ffbb5d776edc,6177632f-2c87-4384-bccf-c195c9c94aca,accepted,2025-11-09 23:38:40.653361,133.34,194.59
36d1c640-4bf8-4e02-9be5-af19dd0521cf,ace22025-b362-41bc-938d-e53412a2e5dc,a19c76c1-bfef-4ae2-bf22-ce651c1451c8,accepted,2026-02-01 04:05:14.316881,402.58,251.88
762973f1-e016-487c-aff0-b60de0a88315,4c661069-40c2-41c6-bc86-c0b6b634aac4,11ae5623-ce89-46cc-92fb-179d341136d2,pending,2025-09-06 06:24:43.092607,222.57,725.0
fcde98d8-d406-495f-90d1-cee0d6d5c779,a613cc04-e2e4-4a12-a4ce-df533448f244,b3ea8d09-e790-4887-95b1-dc707dca7b71,accepted,2025-11-09 03:00:32.757262,33.99,632.79
8742f2a6-57e5-442f-9045-7be44d46a398,83892f1b-f639-4ab2-9a2d-1476b496a9c2,52350145-c4e7-48b8-8bf8-138cfa167256,accepted,2025-12-17 14:40:40.741242,329.26,38.57
b053f813-1925-43d0-b39f-b40f237ae712,b3362a02-0a97-41d1-bcb9-1f90dd47ef35,3208ebc8-095f-4a0c-a0df-69c8a220c748,rejected,2025-06-29 10:27:50.817730,46.56,717.72
a16cd2ff-e517-4878-9a43-24470d4f2dc5,5f606ff0-2dde-4bd7-bf88-b536ccf4f63a,251e4416-1dcc-43b3-a541-f07fc103e1ea,accepted,2025-06-28 18:25:31.575817,50.52,764.3
45220791-fdb7-40a1-8ea5-57486dd2228a,d85ea13d-9573-4f5b-a87b-c4147927c1f2,9203a533-4266-4bca-84d9-a886633d9239,accepted,2025-04-07 03:08:53.115100,445.15,320.53
c45c1ab0-d604-4335-9b2f-0ef2410972c1,d9606dea-bbf3-45b6-9a07-0ad16906ce0c,d094cf7c-d718-407e-a344-6dd2f63e6c17,rejected,2025-12-22 07:00:06.677675,133.3,458.92
aa3ae575-7df9-45d5-9e78-10396b208ec0,4e3802f4-a4c9-427d-8457-85eb177abf78,7319da71-2c44-479c-b37c-1efc7c24f997,accepted,2025-11-09 18:26:13.828970,417.91,759.99
88fbeb51-8450-400b-bcad-e1ae48fe884b,67e8df9d-431e-49d5-9ea0-a20734d90a0d,c5413235-9648-43ad-93db-50df7e4728f0,accepted,2025-06-09 08:07:46.520685,444.59,194.27
684e2b91-92ae-44f0-b6fa-e59e82ef57c0,6d828996-d9dd-45ef-8af6-7cf45a4636da,9018fed1-b9a6-43d5-ab86-6c5e27adf7d5,rejected,2025-12-11 07:41:30.569989,178.06,469.54
5a244767-47f4-4872-9770-9a657bd15ea1,8b3afa3c-3565-4394-81a3-5b0e87a06665,1b909135-783c-48e4-b8b2-8d7167267a54,rejected,2026-01-21 02:21:32.198482,469.04,178.32
10c147e0-5d5c-46bc-ab6b-1170edbf9ef5,cb685a60-40ce-4460-ae6e-a281c07e02c2,c6506340-0e3c-47d8-ab5d-7e7c977db914,accepted,2025-03-30 03:29:25.920324,151.78,329.66
e0f69f6f-a1e2-4400-9849-d372629bfa92,0f2d7c6f-f20e-47a0-b991-45657aca7864,9fb282ff-daad-49b1-bd4f-23a9eb6cdb16,accepted,2026-02-16 01:56:08.349052,276.07,561.2
8cf07bfe-34ec-4635-bd98-c179be8b1b03,1429df34-4da5-4474-b9c9-1fd80148cca0,26a3c629-775f-47fe-9bf2-fed97b57847e,accepted,2025-08-16 03:37:21.063070,247.93,200.85
96e577af-18d4-4b11-98a9-fb41fa9a1b5a,83892f1b-f639-4ab2-9a2d-1476b496a9c2,9db9508a-aa73-415d-8ad6-5a455849f155,accepted,2026-01-16 10:47:11.357425,363.52,657.99
09c55ff6-665e-4b2b-bbd0-2004c788ce63,e2eff2bd-b74f-4a95-97fa-856b7cfc9695,4ff1a953-3c1a-4939-be70-7f98ac406bbf,pending,2026-02-20 15:05:04.266447,310.79,673.97
e4287fbb-3a37-493f-8f0d-2414540a3fcf,9fe9367c-1465-4cb5-b5e8-0a0d8f462d5f,4c4c3331-66e3-48c2-b51b-b539603203e1,accepted,2025-03-29 19:05:22.027880,398.63,195.54
e456b34a-fe76-451a-87e5-79aa07579ebd,f09a1366-76a5-4975-8cb4-4bf6361c6e1f,8c6f05f5-fa4f-43f0-9a51-948456be6a06,accepted,2026-01-15 22:29:58.565192,480.07,293.47
4bd35002-530e-4150-a006-0578646178f5,cd7e5910-4cd9-4b86-a011-06f027ba8c4c,e32440cd-1baf-4865-8a12-d18d1ebe7303,accepted,2025-12-29 07:37:00.575386,436.14,686.83
91cacc05-83f2-4eef-a7d7-3f4939ecaca0,4ab53451-90ff-4979-b5b2-377d3c425e6d,f5a44647-2105-42d3-835d-80a338ffc5c9,pending,2025-05-23 13:42:21.982307,208.63,782.5
0b4fc49d-10e7-40d3-938d-e1eb212eb8d3,5456183d-14b5-4baa-a432-bf40c1fff575,afc5b393-2c72-44ad-a624-258166f88025,accepted,2025-12-15 02:07:31.291027,414.9,192.19
5d24d0b8-673e-464f-8127-98b6d0378fbc,6c3da957-eeab-4ec8-ad44-c779519ce53d,b3ea8d09-e790-4887-95b1-dc707dca7b71,pending,2026-01-29 02:50:01.868805,323.05,704.18
ed406b1b-2c67-4875-8470-632ae3ae99bf,eddf97c9-7be6-4a99-b4c0-d82c0e05d778,4ff1a953-3c1a-4939-be70-7f98ac406bbf,accepted,2025-06-30 05:56:27.948697,36.26,693.82
733df677-8688-4982-9ba7-02653e510fc3,ade1969f-76c1-41f7-8d42-e2a199428eff,18b6b33f-8d61-49a2-889e-5e7a903f4304,pending,2025-03-30 04:57:45.222540,246.12,333.3
168be78b-4945-41d2-af61-ece742a205d2,3b831e17-a50f-4e3b-a90e-5ae9037ba03a,0f3a939b-b21c-4d3e-8425-1a42711e85c7,rejected,2025-07-03 12:10:39.216320,440.85,657.09
4e57ca69-c734-41df-88bd-c25939ee03d4,86cdec11-6a8b-44d3-8573-c4046e1d8fa0,b3ea8d09-e790-4887-95b1-dc707dca7b71,accepted,2025-10-22 16:23:37.907766,263.04,284.73
758e1163-197d-4e67-8de2-75759fb27ccc,a180e033-9686-4794-aeec-e946410cff61,035d6ccf-b693-430c-8819-45ff5c725d89,rejected,2026-02-18 15:09:19.463680,374.14,365.34
8644a685-b02f-4c68-91a7-e498d8f1ce17,15ef8c2a-8c5b-4546-b5a3-d70a6ee260bc,7e19da53-a92e-4e30-b261-d1fe6aef406e,accepted,2025-07-16 21:26:30.530779,327.96,505.97
b2de8e83-70c6-4503-a6d4-c73cb09accb2,a68bc131-94be-4e9f-a908-9fb675607037,4ff1a953-3c1a-4939-be70-7f98ac406bbf,accepted,2025-08-29 11:15:28.911237,212.32,504.5
bea372a2-42dc-4938-ab95-bcae2f4ee506,5f606ff0-2dde-4bd7-bf88-b536ccf4f63a,2099ff17-cf39-4cd0-a792-f8bd8f41db6f,accepted,2025-11-05 18:08:01.400587,95.75,415.51
f47b36e6-3ef3-4930-a44c-bd2785af5ed4,599e477c-7a92-4230-9730-d7affd78ebef,9018fed1-b9a6-43d5-ab86-6c5e27adf7d5,rejected,2025-09-24 00:35:36.583711,386.32,678.33
a6954955-a111-451c-b3d6-d538edf3af4d,03180c60-860d-4c33-bfff-1ed7bb2b4f7c,27e68da6-e956-402b-82f7-f7c8cfc39e90,rejected,2026-02-04 07:34:56.912057,173.31,385.3
638a7fd0-552f-40ab-b77e-780dbb52cd6b,18e69b0c-47a6-49a7-9c99-848f66eb2e70,5cf44aa1-0edc-4031-8cc0-5c60ac58f9ed,accepted,2025-05-04 12:54:27.267422,349.98,662.28
58e51bc1-6405-40fc-afc1-e902071f67b0,a07fdcb4-7790-4e76-8efd-2a1aff28a3fb,1b375bf6-a284-4fe3-b1af-b8fbb696a744,accepted,2025-09-16 16:21:01.225975,218.96,149.6
6df1b185-4c7d-4284-bdee-a866b994c203,c1e0381e-481a-4eeb-808a-718d2ac01ccd,00a10016-7c15-4db1-9c47-5e1230b78936,pending,2025-06-24 04:10:02.751843,444.48,183.47
2c5697d6-1bc3-4bad-bc6d-df06870bc014,047fe268-d5de-4df2-bd95-321959887b3a,29d07ba3-45fc-4b4a-9ef1-5673146836d5,pending,2026-01-05 22:24:41.028851,330.61,503.17
81106012-fdb7-4bd3-9a2a-9b22edd55c06,7e5ff3e9-ef6f-4f49-8415-ef73649fbe0a,20c2a8ee-137e-40ee-b0a7-2d1ea2553dba,pending,2025-07-15 07:14:25.743119,115.17,562.5
c79e2e2f-0d42-4665-901a-eaa1df5fac2b,683faf3f-f079-4370-a76f-b295199f805e,4c4c3331-66e3-48c2-b51b-b539603203e1,accepted,2025-12-08 13:21:31.645826,225.87,211.83
a797b0b7-eb47-400d-8140-64c1dd2924aa,20cfcd28-2b64-4396-86dc-c30e8dac32a8,e7be4fc8-7147-48af-b288-dd4ed6489a2c,accepted,2025-11-08 07:15:24.286318,292.28,16.22
90724062-86e9-454f-a0a6-308238b2e506,20351072-5bc1-4a9f-9d7c-480cfb9179b5,11d1e926-5c44-447c-87fd-2982a0af2db4,rejected,2025-12-03 23:36:07.849830,465.58,662.67
48d0d4f7-abd0-45fd-900d-70f35cf83480,889ec51e-8cd9-4c40-b8d4-ed1be6cf3db7,7319da71-2c44-479c-b37c-1efc7c24f997,accepted,2025-03-21 16:00:06.242904,117.51,757.11
dc817a63-9dbf-4b53-a006-ac92f7715fc6,7960c4b1-c71a-4a72-a69f-951be1fa0cd5,72accb4e-343b-457d-9397-24e22f3508f4,accepted,2025-07-17 15:35:15.045494,257.2,108.51
81cf21f8-c234-43bc-9044-d0f231d3ae0e,8478d8c5-a6b3-4725-9302-01e18553ed46,54f7dd2d-7254-425f-b0d8-2dff14e1103d,accepted,2025-07-02 06:39:17.612518,497.7,229.96
1d67609a-6c61-4428-b01a-8f5f33531892,88188162-2dd7-4920-a83d-b670902c357e,a19c76c1-bfef-4ae2-bf22-ce651c1451c8,accepted,2025-11-17 20:10:53.729758,216.09,121.02
037b17a5-49a9-4766-afab-d84ac423070d,71257c7c-09a3-446c-959f-c887662be128,2bb2ee77-61e9-44d2-b9f2-651149a42f98,accepted,2025-05-26 01:44:54.762038,236.47,202.41
f9044a06-bdd8-405e-8fae-952133888ad7,65d144e0-b0e2-4220-9228-dff31d9d7308,e32440cd-1baf-4865-8a12-d18d1ebe7303,accepted,2025-10-25 16:01:24.853878,61.15,377.76
e5e0ba5b-e5f5-44ce-a4cb-b6f1b33794a4,3db2a53d-1132-46d1-a1af-20d383325db4,1653a1a4-4584-40f8-b52e-6709d07ec937,pending,2025-11-04 19:27:36.260321,210.83,173.71
290ad0ba-34eb-4ba7-9ad3-34891c90653b,44505e80-ac04-4bb1-9236-b0ffe504e0c7,b182a513-39f6-446a-8d09-f20ab016e260,accepted,2025-08-11 14:58:27.707038,306.65,63.08
40ac3330-dd61-4f11-be2f-7ab75d6fb2d3,eaa83265-6b7b-4470-b110-ac1ab3b8ba36,0c0e864b-c477-4e54-b7ec-120884517487,accepted,2025-08-19 17:41:13.556482,466.91,379.39
f83e03fd-4b15-4a85-93b1-87f8858063d2,d047178e-6fed-4f9d-b9e5-820a5baf90a5,251e4416-1dcc-43b3-a541-f07fc103e1ea,pending,2025-07-14 07:04:09.997226,484.26,480.59
550b93d9-e1fa-4cc5-a180-87bb3ccdcf3a,fecd12de-6f01-46b2-9242-137e346cce29,a7aa7082-85de-4895-8813-f2985518a775,accepted,2025-08-09 22:09:03.943858,262.18,307.85
21a70112-57b3-4c29-9144-a4b0400041de,9072ca5e-139a-436b-916a-85929c7b68e9,6b65021c-2086-4699-8355-05184f72e23c,accepted,2025-04-20 08:39:57.601890,484.67,449.85
aa8f998d-dd60-4a77-9152-6836eb80e213,115e2588-e916-4556-b06b-8e692319e01d,c6506340-0e3c-47d8-ab5d-7e7c977db914,accepted,2026-03-10 01:45:35.452955,261.8,744.61
45dd8c86-cbaf-4451-8f2d-961f56185867,42c02b48-632c-463f-bd8b-100cb9bf8008,3ad26a54-1703-413c-82a1-b7d3e800ee48,accepted,2025-09-06 21:47:27.938164,172.31,426.69
a5ff09a8-5bd2-4e28-b909-b61b6c081b9b,59c1cbfd-3207-44e7-a351-6142be099e9a,2bb2ee77-61e9-44d2-b9f2-651149a42f98,accepted,2026-02-21 07:45:49.679701,41.2,106.66
dbbe36f4-967b-44e9-a52d-ede1bb60b7b3,3db2a53d-1132-46d1-a1af-20d383325db4,98c5db73-d239-4ac1-8b85-1299a8f5ce9f,rejected,2025-03-19 00:24:51.310715,464.59,229.93
501068ee-0ee2-49a5-90ec-c4b788f1c743,c1e0381e-481a-4eeb-808a-718d2ac01ccd,2bb2ee77-61e9-44d2-b9f2-651149a42f98,accepted,2025-08-03 14:51:50.782924,385.55,214.69
bbf2a564-fa3d-4dba-9931-0f82c638dd18,5f606ff0-2dde-4bd7-bf88-b536ccf4f63a,11d1e926-5c44-447c-87fd-2982a0af2db4,rejected,2025-08-26 16:31:09.923469,171.46,795.68
37bbcdf1-c0d9-4de4-89ab-03f219d95bfe,b57a55c4-ae92-4fb9-a9cc-5ddc932514b6,22078e3d-b5a5-4b55-905a-152ceeeec304,accepted,2025-06-22 00:57:04.489510,462.97,511.14
e4ee73a2-b38a-48ff-8e9b-6bbe3356b78e,9e12369b-5b12-477b-946a-8bea79e5d3d5,4c4c3331-66e3-48c2-b51b-b539603203e1,accepted,2025-07-14 21:57:33.675560,46.19,150.6
fb695fd4-167d-4bf0-9b24-796d02f78cd0,7dc211f9-a3bf-411d-9b01-746b6c0971d5,2bb2ee77-61e9-44d2-b9f2-651149a42f98,accepted,2025-10-15 06:15:15.167182,244.22,97.24
1e395a30-2b60-4e23-ab1d-6e42237126a2,c6b0f444-0865-47fd-a295-4f4092c9dbef,f769e189-ca17-40fd-ad2d-90cd57c685d0,accepted,2025-10-11 18:14:54.217159,191.13,568.68
194b7885-9b57-4b60-9c64-9ffab975dc5f,4c661069-40c2-41c6-bc86-c0b6b634aac4,3c7767e7-4fd3-4165-9bd2-a54623f88b35,accepted,2025-06-20 01:15:18.730250,426.0,694.17
1eb1f1a5-b888-4ce1-b28c-a60730089cc9,444807cf-7b33-4531-8ac2-254e5818c682,018f27a3-0d0d-48e3-8ca7-d9816bf11b8c,accepted,2025-07-25 20:17:25.400086,436.72,148.62
1c9b7ee5-cf31-4a09-9f9d-12acb72c85c5,683faf3f-f079-4370-a76f-b295199f805e,1b909135-783c-48e4-b8b2-8d7167267a54,accepted,2025-06-10 19:54:53.051826,150.94,713.26
4c1837a6-4331-42a1-98e6-e9971a816887,04bd5851-d32a-45c3-97c5-feba050016e2,064e29b3-d583-4927-a43a-624234454454,accepted,2025-11-15 10:11:45.129167,486.38,423.18
9515b873-348e-43b2-b46a-9e26101274e5,89a1639c-0aa3-4550-80aa-dcc7d282a6f0,873238f7-7edb-47b2-a806-550c7e693cf1,accepted,2025-09-02 12:05:01.864877,56.88,615.76
92bff0ad-a68d-428a-a039-5700a81c4a7d,88188162-2dd7-4920-a83d-b670902c357e,5f8e2436-6b99-492e-a935-d63a30e779fb,rejected,2025-05-13 20:34:56.688464,32.46,546.64
aef2db4b-ec54-4ddc-afa9-b1a37d65e618,70495957-e357-4d96-ba4f-1ce8b91b9d3f,7319da71-2c44-479c-b37c-1efc7c24f997,accepted,2025-11-22 02:29:59.099468,303.36,761.22
72fb2170-a44c-4c4e-832e-20ef481a0891,dd9a946e-c9c6-4744-93bd-4fd0a2a3c495,1653a1a4-4584-40f8-b52e-6709d07ec937,accepted,2026-02-16 16:16:07.782141,58.91,665.41
6efec6c7-82e7-4307-a434-73ab671d13d1,d0bcf95d-19a7-4462-b768-ea306e1f74c9,c692f093-256c-44d3-be28-270059633f56,accepted,2026-02-03 18:47:49.842328,478.5,477.39
745099d7-5ff2-494a-8370-4aa09f805fce,e6581831-cede-4656-bc32-2d80879c2960,0f3a939b-b21c-4d3e-8425-1a42711e85c7,pending,2025-12-22 16:47:05.696601,334.96,760.96
335dc60f-87cd-4d41-90b6-b9d51cf368d2,14d217bb-8d1b-4210-bc23-909eba428ca3,035d6ccf-b693-430c-8819-45ff5c725d89,pending,2025-11-23 15:27:46.203546,455.3,638.64
3c7dd71c-7dd5-46a8-bd5e-15de8ebfa069,7b39df0f-468a-44b8-a1c0-70d0a8240b8e,064e29b3-d583-4927-a43a-624234454454,rejected,2025-11-04 19:19:59.669527,404.75,229.95
780b5b01-4a2a-46b7-ad4c-dd97d620783a,fbfb8ef3-c185-4c19-b472-d198407b1ee2,0c0e864b-c477-4e54-b7ec-120884517487,rejected,2026-02-23 01:55:45.050745,282.63,483.82
ff40ab67-4538-4c71-b567-c729fd29073b,49163fd6-79cd-40ec-8196-45d3af566c0b,77c5d91a-18ba-43e3-ba0c-e15ac8283f69,accepted,2025-07-28 18:20:40.918605,135.24,617.85
487b6bc3-b748-4470-bc02-07760904f25a,f4d14a49-b63f-415b-87ad-1afa21ef34f4,20c2a8ee-137e-40ee-b0a7-2d1ea2553dba,accepted,2025-06-05 04:27:16.161494,119.95,313.86
e9863526-5959-4d47-83f2-b34cfc7dbeec,10f46768-90c4-4ab5-858e-b345b8c212b0,1b375bf6-a284-4fe3-b1af-b8fbb696a744,accepted,2026-03-01 04:32:08.718359,478.13,127.54
57c5c06b-9410-4ace-bb1c-f0ada405249d,c57cc49f-7014-4b9b-b138-cba402acd62a,3208ebc8-095f-4a0c-a0df-69c8a220c748,rejected,2025-09-07 04:10:14.969923,373.23,737.75
b5610d70-6969-4496-a6da-05cd9c958525,e318accf-1340-43ea-8058-379084add120,e32440cd-1baf-4865-8a12-d18d1ebe7303,accepted,2025-08-29 16:46:36.862254,192.34,81.41
89765ed2-7146-47e2-b08b-0cb81f055726,0fa5a592-d61a-4522-813c-e1de3687e6f4,fd65254e-1fdf-47fb-9053-fe8a4af48396,accepted,2026-03-12 16:27:33.510308,233.81,313.53
817697af-ae5c-4172-be58-abc62fab3f7a,66e711e7-fe73-455e-b4e3-e7c72aaa16ce,41f0a418-8a72-45df-8e28-6f8dfe6dcce6,accepted,2025-07-30 23:38:55.501623,63.31,340.92
1e09bf3b-cf7b-4e14-8dd3-24d734eb1161,0fa5a592-d61a-4522-813c-e1de3687e6f4,63ece0b3-1ef0-4c25-81ca-851af79de572,accepted,2025-11-27 21:35:13.205032,322.73,78.89
fbbc5035-76f6-431b-9e78-5fee5f6e1bf1,8ce7f1a8-61c9-42b1-81be-47123cc6be2c,586992ed-a9e3-4bf9-9818-cf57262f3b16,pending,2026-02-12 21:54:05.425171,344.69,519.85
0405e59a-b0a3-4410-a94b-670692fc01c5,86da6b22-a405-42bb-8ef6-a4c6e4cd8a5b,22078e3d-b5a5-4b55-905a-152ceeeec304,pending,2025-12-18 03:17:45.523376,273.09,519.54
a501113f-60f2-42c0-87d6-786f2bb0697e,c0079215-04c5-482a-bcb5-11461f4ff2be,dba95e7f-4482-4b5c-acb0-5297ffd94e15,accepted,2026-01-03 10:38:19.228925,58.01,642.23
cf91884c-6e36-4451-9391-dd19db66c245,95950db6-fce2-45dc-8b22-2105afc86d8a,22078e3d-b5a5-4b55-905a-152ceeeec304,pending,2026-01-12 01:35:06.976915,348.47,243.82
4f8b5414-3dec-4ff7-9af4-cfa9851df2a9,11ca05cf-a891-4f0a-b3e5-3577e2511447,fac51ffd-8aaa-46f2-a9c3-bff2a2a9473e,accepted,2025-12-19 18:49:17.896489,292.9,443.04
95c7361e-bd2b-4588-8067-d5474090c004,47e55e9c-3521-4c9f-a361-d34a285ec500,a7aa7082-85de-4895-8813-f2985518a775,accepted,2025-11-20 00:15:25.356630,265.11,333.35
8cee405e-94f7-435e-a23c-7bf43220b53b,5a76c562-68ff-463e-b93b-dc495a50f3a7,52350145-c4e7-48b8-8bf8-138cfa167256,rejected,2025-10-20 03:18:34.793750,410.16,287.59
b50be129-ea3f-4d9a-ac1d-66105fadf46b,04bd5851-d32a-45c3-97c5-feba050016e2,822f3d9e-209e-40be-b61e-326d3cb7cc86,rejected,2025-12-29 02:26:43.992890,27.81,593.71
79197ee3-d9b2-4f2c-95b4-9e5d7d4c91cf,6be44aea-ff1f-4886-a6e3-86d6570587fb,c6506340-0e3c-47d8-ab5d-7e7c977db914,rejected,2025-09-24 11:00:29.816583,424.6,40.98
da6782cb-1e92-42c6-8e81-831c14940600,4cfedb6c-e3c1-4565-a628-05a31dff46fa,b182a513-39f6-446a-8d09-f20ab016e260,accepted,2025-09-25 10:22:54.838673,301.86,366.72
84311926-ebba-4d8d-8ed6-2cd9242d2950,8869f9b1-78f4-4bf6-87c8-0cf46e62bba8,88eea8ec-a930-4c3b-af3e-41a6e7375816,accepted,2025-07-26 15:51:44.584814,147.24,773.54
17759c2d-a94b-4c6d-9865-47700beff41f,3db2a53d-1132-46d1-a1af-20d383325db4,873238f7-7edb-47b2-a806-550c7e693cf1,accepted,2026-02-14 12:53:24.059285,57.55,785.84
41f726bd-8ad0-4e22-b5b3-7e4f15ba9f77,c7eac185-1472-4e86-8ae6-d7a75994d87f,f25dea73-7080-412a-b175-b2038860a9f3,accepted,2025-04-26 12:08:18.211421,276.5,9.65
f88fcce8-f331-4091-b849-7543a9f52ede,8bc55aad-7065-4604-9a3d-f38819946d1f,f5a44647-2105-42d3-835d-80a338ffc5c9,accepted,2026-01-13 05:22:39.024416,249.02,554.99
cf4d94bc-6e7d-468c-841e-87f04e55a961,17e4421b-31fb-4fa7-b3c9-c08cf42b0f77,52350145-c4e7-48b8-8bf8-138cfa167256,pending,2026-02-09 07:02:38.310213,308.91,391.94
b867bbba-7475-4328-8aeb-751a4d894173,de9e9051-5eca-4a75-8537-9af9385c458d,63ece0b3-1ef0-4c25-81ca-851af79de572,accepted,2025-05-29 08:36:03.104461,343.43,553.78
ac778a0d-bbd2-4b88-8a2e-5c3857a0fa7d,9072ca5e-139a-436b-916a-85929c7b68e9,afc5b393-2c72-44ad-a624-258166f88025,accepted,2025-09-28 12:46:37.935947,84.85,156.69
798a6522-b10f-47e4-996e-143e28711889,32ff0441-064d-4ec8-b34f-321073608232,29d07ba3-45fc-4b4a-9ef1-5673146836d5,accepted,2025-05-15 14:50:10.612473,110.35,26.32
23615a09-6fa9-453c-842a-76c4f68888de,4964ad1b-9814-43e7-9dbf-12dfb2944a1f,6a360ddf-abaa-40c3-b583-1e53e92f4c22,accepted,2026-01-22 14:45:44.351057,136.05,674.46
29f96996-8e7d-492a-8194-d65e0f3e3fb7,1dd3ebb4-5003-4078-a36a-6e0f72943e4f,a8528709-0c4c-413f-9d08-b8ce4495b6b4,accepted,2025-08-24 21:36:40.674374,164.44,373.42
88a1bd21-0485-4520-b701-2900a097d46b,84a384ab-603b-43f6-84d0-fb1bea216b29,742da192-bcb9-4810-b704-bab2bfac2383,accepted,2025-11-19 23:50:52.225700,99.73,126.18
b4c5e1ff-c198-4184-b656-ded5694481b3,4b53a6bb-9ddf-4cdf-984c-fa5db4dc14f1,b8c972f3-674a-4f8d-a777-78ba1d3bd532,pending,2025-12-03 08:52:25.992420,246.31,688.54
728285c7-a45a-4e03-95bb-91c5c0974aa0,04bd5851-d32a-45c3-97c5-feba050016e2,63428b21-1302-4d3d-9ea0-4c5655230267,accepted,2025-09-11 01:29:30.098709,293.33,667.9
0ff9ee61-626a-42c6-9bb6-0afc41fd5d78,c20400aa-a05e-42ed-b90b-362541586ef6,0f3a939b-b21c-4d3e-8425-1a42711e85c7,accepted,2026-02-07 19:59:28.965233,322.6,571.91
65a16382-5e3e-49e7-ac5b-af1d5160f6fe,c9ea133c-ab62-4652-bf9f-106985dd3c8c,f769e189-ca17-40fd-ad2d-90cd57c685d0,rejected,2025-08-26 05:32:14.709921,306.0,445.67
8e3e917a-18e3-4ad3-be63-96d03d383f73,71257c7c-09a3-446c-959f-c887662be128,f76bf6d5-a9bc-47b1-bcf6-6f988d83d9c4,accepted,2025-04-05 20:13:59.436602,253.33,474.88
374303f0-b5e3-4fd4-9d60-92607c34534f,feab360e-2c1c-4b2f-9364-feeb44c80ec8,f25dea73-7080-412a-b175-b2038860a9f3,pending,2025-05-03 17:08:07.698429,436.46,189.37
49b75495-b6b5-4e0a-ab17-2659cc6ebc0e,d5c123f6-ff80-4188-959b-47d8024bb673,c5413235-9648-43ad-93db-50df7e4728f0,accepted,2025-08-15 06:03:18.604728,296.67,444.84
f66e93f2-d86f-4eb1-8da0-e805742c3ae5,66e711e7-fe73-455e-b4e3-e7c72aaa16ce,4ff1a953-3c1a-4939-be70-7f98ac406bbf,accepted,2025-10-08 11:39:11.395607,247.2,398.36
932336ed-90bb-4db5-85d9-b0c1ba90cc4c,7101481a-daef-4e61-a4d3-41b3afc54b4a,4ff1a953-3c1a-4939-be70-7f98ac406bbf,accepted,2025-10-06 14:49:30.686343,354.81,21.54
caa9c3f8-aa03-4c00-8a2e-22d1ec3ab061,29a85287-115f-44c1-9c79-8e8e25c36251,d094cf7c-d718-407e-a344-6dd2f63e6c17,accepted,2025-11-17 05:51:48.084083,185.05,189.52
f507ec7d-6aa7-4bf6-8937-5b40aba10fb0,bbc6f522-d2b6-4b25-9a1f-704ba157585f,9fb282ff-daad-49b1-bd4f-23a9eb6cdb16,pending,2025-07-07 01:53:00.575429,182.79,483.67
d6e052f1-f19f-4f42-a227-7b2bd4cd586a,c08c1a14-f7e0-400e-a506-30d07847e732,8257b79e-4763-4403-b71c-ab7d2627053c,accepted,2025-03-24 11:22:39.592336,82.96,238.25
9279a96a-376c-4e11-82e9-153cd74f8c1c,d0df35b4-fc99-4180-868a-02cabcd464ac,8c6f05f5-fa4f-43f0-9a51-948456be6a06,pending,2025-06-17 11:03:14.285411,419.88,540.12
d9f5516e-3ced-4dc7-88a1-d7578e4d4a21,18e69b0c-47a6-49a7-9c99-848f66eb2e70,9203a533-4266-4bca-84d9-a886633d9239,rejected,2025-03-17 14:58:33.440916,403.88,676.4
4790d58c-55a7-42f4-b824-4def9048e5ec,95cf6e4a-4239-42e0-9805-3f12dde528fb,54f7dd2d-7254-425f-b0d8-2dff14e1103d,accepted,2025-06-04 02:36:49.071847,379.64,535.31
d9929a11-739a-4bdf-905b-08325b233a06,7b39df0f-468a-44b8-a1c0-70d0a8240b8e,c6506340-0e3c-47d8-ab5d-7e7c977db914,accepted,2025-04-12 04:42:08.469519,310.76,85.22
c0c16fd5-b107-42b5-a120-c9c3e93ae021,c9ea133c-ab62-4652-bf9f-106985dd3c8c,f769e189-ca17-40fd-ad2d-90cd57c685d0,accepted,2025-08-18 06:34:21.515349,120.53,42.4
cf640e3a-a4aa-4c9f-8346-c6db2a612f0d,0a3b8825-e0f0-45fa-b4b4-9db2eca61a57,51fd3b2b-5a6e-4633-9995-dcf0845b9136,rejected,2025-11-27 07:56:55.696505,191.38,131.09
59d13790-5a1a-496e-8f24-28fec16b9aea,97e8c32a-8027-4289-a052-f29a89bcb913,c1b2b0a1-e231-46c4-a835-984ffe81ca2c,accepted,2025-09-30 04:15:08.831084,50.56,347.34
42a2e6ea-2c13-4737-9cb1-cd4288587413,de9e9051-5eca-4a75-8537-9af9385c458d,932b36d0-b1d4-440c-9bb7-46ab913172e1,accepted,2025-04-07 12:43:46.049986,127.57,209.97
95e78ed8-4938-47d8-bb45-75695c85a937,9e15f598-42a1-4d91-9f3a-6b5b71a22d7e,51fd3b2b-5a6e-4633-9995-dcf0845b9136,rejected,2026-02-06 03:02:50.405876,389.65,447.83
8ca3cd36-3d62-4a02-9b7a-dd376c1a1d19,c6b0f444-0865-47fd-a295-4f4092c9dbef,22078e3d-b5a5-4b55-905a-152ceeeec304,rejected,2026-03-11 16:47:07.797499,439.37,485.41
1b40fd11-71b9-4921-b256-f18cd5f701d0,b16938ab-1b2e-4a53-87d1-33b38a6d5ffa,b182a513-39f6-446a-8d09-f20ab016e260,accepted,2025-09-04 22:36:21.258289,474.21,640.19
80d8b05e-8dd6-407b-a9be-86fea8eb42d5,93f394cc-224c-4f23-921f-448f86c3a728,7bffd16d-2688-4d5b-bcf6-c5ab8782302d,accepted,2025-06-29 09:06:40.645423,70.83,490.41
84f8dea1-2f24-4756-862f-b0432124cbca,cb058594-0be5-4543-b516-6faf648a3bf6,857c4d41-5c3d-47d5-b8d7-b3ca644f24cf,rejected,2025-05-21 06:12:58.215569,40.15,88.8
b4165669-3f17-4af9-a703-a162b23d6289,0da1ae9d-279e-463e-8b47-de9accd46819,7319da71-2c44-479c-b37c-1efc7c24f997,rejected,2025-05-04 23:40:47.986586,457.27,129.84
7ddb290d-9b39-4392-a310-3c160624649f,c51c0747-0357-4975-becf-bf6ad9243c4a,b182a513-39f6-446a-8d09-f20ab016e260,accepted,2025-11-05 19:59:50.067839,262.83,587.38
cfa52d2a-ce62-4b7a-9b1d-7359dc8b6fb3,7b4a96c1-4d3f-4bda-8e5b-5bdffcb9f810,22078e3d-b5a5-4b55-905a-152ceeeec304,accepted,2025-12-07 21:19:11.195942,180.61,114.53
d650f1bf-2db7-46b7-8c85-85b8d6ec041f,d9898a1c-810f-430d-8ee4-4aeae22de05a,40cc51a0-c68d-4912-977b-0ffc93a43d38,accepted,2026-03-03 12:49:47.026250,219.56,616.38
bddb4ff9-56f4-4d06-b35f-6ca375193d3e,2dde46de-01aa-415f-a9d5-60f506d60c6e,d35f8cff-4ac9-4e8a-979e-2d4a85453a70,accepted,2025-07-31 06:58:39.414899,262.41,72.76
f8a39c52-8063-44f5-b49e-df96d5a57751,53f2f746-fd54-4ed1-831b-455c6f546748,8257b79e-4763-4403-b71c-ab7d2627053c,rejected,2026-02-05 01:45:34.267809,193.11,533.67
4d49ebc1-0777-4e27-8892-dc7423d152ae,3d0c385d-6cd5-474d-a090-cd80abd12938,7bffd16d-2688-4d5b-bcf6-c5ab8782302d,rejected,2025-08-27 08:18:42.881633,222.43,186.4
ab7eeeea-deac-4388-a3c2-1c4cfde2f3ed,8dbab437-abed-4f3e-8a89-c9e1f78f4d97,742da192-bcb9-4810-b704-bab2bfac2383,accepted,2026-02-14 11:45:13.356465,216.47,369.71
0c12dee0-7145-43d3-b8bf-90f3915413cd,e322efaa-45a8-455b-95ea-9ed319184ad5,fac51ffd-8aaa-46f2-a9c3-bff2a2a9473e,rejected,2025-08-01 09:35:07.646241,193.65,28.66
d25cc648-10e5-42dc-b041-05a7d8e3cf30,966ce9be-14ae-492f-b1a0-6e1f5e75c6cc,9018fed1-b9a6-43d5-ab86-6c5e27adf7d5,accepted,2025-04-14 19:59:42.831407,407.0,755.2
f416e8d1-f4d0-487a-b9fc-6d974b19c3f4,9ab922dc-299c-4798-8f6b-ce0c862371e6,586992ed-a9e3-4bf9-9818-cf57262f3b16,accepted,2026-03-03 16:00:04.551330,491.33,135.64
730e97c8-ea81-4662-8d25-fb889e05ead3,d5c123f6-ff80-4188-959b-47d8024bb673,b2842d07-1c6f-4942-95a6-eb117e89a7e1,rejected,2026-01-29 22:40:15.913218,336.88,514.97
870040f3-1cf1-44ba-b71f-d37c54ecdd2a,e318accf-1340-43ea-8058-379084add120,2099ff17-cf39-4cd0-a792-f8bd8f41db6f,accepted,2025-05-04 02:17:59.209226,323.17,572.13
cd627d76-e8ae-4eb4-a86b-94d50383585e,c8de424d-4c27-4bc4-a474-b9438fee8ed6,fac51ffd-8aaa-46f2-a9c3-bff2a2a9473e,pending,2026-01-24 17:36:31.524971,221.27,709.2
56786ccf-f2ed-4078-8684-d8019a9b2005,dc871c11-718e-4511-9fb4-994e1174689c,389371b8-47c5-482a-a759-abccc2a88c3a,rejected,2025-04-28 20:27:10.540865,366.34,254.39
dbe7c594-d3b6-4f24-ac99-d5f4f44afc58,8d4e85f9-0630-492e-9979-b618b9b06df7,f5a44647-2105-42d3-835d-80a338ffc5c9,rejected,2026-03-14 03:35:58.601131,452.1,490.27
50f5ff69-83b1-48ac-9074-3d908ffa23fd,a419a4be-b1c5-4473-b98f-307f7b132594,3909e5a7-29f7-4857-943d-595530e0d2df,accepted,2025-08-07 02:00:02.475730,329.06,710.63
d7184b19-e8ec-42be-8567-f3d578b61ebe,94f42de8-33d4-4cb6-9348-d9fead91eee2,7c33cd8b-3dbf-4c22-a97a-a82aadf5a2e8,accepted,2025-05-02 00:50:13.415009,354.79,710.7
659e7b94-773e-4920-9c36-ad1f77651792,cb058594-0be5-4543-b516-6faf648a3bf6,6a360ddf-abaa-40c3-b583-1e53e92f4c22,accepted,2026-03-08 23:48:21.782585,114.7,244.72
be7e2f64-91f4-4957-b5f5-3dfbc2664415,355e1843-c125-46de-aa63-9b9793961962,a8528709-0c4c-413f-9d08-b8ce4495b6b4,accepted,2026-01-15 10:23:20.206524,368.05,593.34
89383d35-29ae-478b-b9f6-e75785e83236,a4faf044-19cd-48cd-8162-ee9b8d63cbf8,fac51ffd-8aaa-46f2-a9c3-bff2a2a9473e,pending,2025-12-17 17:01:49.163338,156.29,78.79
15804b2e-fae7-4b60-861f-e5cb4ccdda87,f09a1366-76a5-4975-8cb4-4bf6361c6e1f,4616e93e-047d-459c-82d8-eba38aecd3cf,accepted,2026-03-08 21:45:27.151765,383.38,132.22
0e684611-28cf-495a-9328-a8e1c782142e,15ef8c2a-8c5b-4546-b5a3-d70a6ee260bc,fe88bccc-8c57-4913-9055-77a8fb7e0e89,accepted,2025-09-01 15:07:26.876974,135.84,620.46
840fd1d9-5009-47e5-89f3-f3a08b11e6f4,2bd79cb9-f32a-4f50-b9e4-848b816cf7eb,742da192-bcb9-4810-b704-bab2bfac2383,pending,2025-12-04 03:56:53.728608,73.01,52.66
4a41218b-1467-41a1-9d82-79450107f970,53f2f746-fd54-4ed1-831b-455c6f546748,2bb2ee77-61e9-44d2-b9f2-651149a42f98,accepted,2025-08-18 10:20:51.264497,190.15,42.95
50fe71d0-0452-48ae-b2a0-d542eb8ed1b4,a089980c-02dc-4bbb-839c-6835b9b1bf54,7319da71-2c44-479c-b37c-1efc7c24f997,accepted,2025-08-02 01:11:22.372755,294.77,9.14
e4a0b05e-c251-4cf4-ae68-83bb74a35f9f,c22d2b5e-d824-495d-827f-40c159611d1a,2b5b2f3b-8df9-4db0-8ecf-963a855ebce2,rejected,2025-06-08 09:43:23.324312,494.72,454.65
09e0de0f-b94a-4164-9644-0106afcff2c1,3fe7dec2-bf32-4d5a-876c-36d98bd0f50d,cfc4f3e7-632f-4ea8-a05c-d3f43a5f33fa,accepted,2025-08-31 18:16:25.310085,425.36,190.9
880aa2c8-bf4a-4a37-a720-0feb9b481cfa,95950db6-fce2-45dc-8b22-2105afc86d8a,1b375bf6-a284-4fe3-b1af-b8fbb696a744,accepted,2025-05-12 04:17:59.222149,411.24,460.35
042b91fb-72fa-441e-a6ff-d1997ca86dd0,44a03279-c0d5-4144-b25e-60c171f90db1,8257b79e-4763-4403-b71c-ab7d2627053c,accepted,2025-05-24 08:43:02.840839,374.01,88.66
e760699b-738d-41db-87a1-f3eef41083e3,407a0511-2059-4b54-ab02-07e153351de3,3f744130-ac9e-4b79-8aee-45ca108d1f0b,accepted,2026-01-30 04:24:28.311643,393.7,366.18
e7e72ba9-11de-44c9-93ea-fca63d10f991,a419a4be-b1c5-4473-b98f-307f7b132594,8257b79e-4763-4403-b71c-ab7d2627053c,accepted,2025-12-21 02:38:38.608478,217.79,78.34
2a6e2319-9fdb-4f63-9d7f-641ba804db5b,f8c6605a-0cda-4f65-bc12-0d0cddd09fa9,c4dc6416-4d40-4175-8118-b1d90e621e08,accepted,2025-03-28 06:57:08.301243,234.16,298.59
d751d146-d2c1-4f0e-8c74-7a3c58ec20e9,20351072-5bc1-4a9f-9d7c-480cfb9179b5,77c5d91a-18ba-43e3-ba0c-e15ac8283f69,accepted,2025-11-12 15:40:39.078674,269.09,318.85
39d453cf-1df7-4b39-ac41-a415afae368a,dc63c09e-64c7-4ddf-9f72-e44fdaf095a7,3f744130-ac9e-4b79-8aee-45ca108d1f0b,accepted,2025-10-27 02:48:44.310165,223.24,354.86
3c9803db-f97d-47b0-bd6e-1d77f104a404,67e8df9d-431e-49d5-9ea0-a20734d90a0d,3208ebc8-095f-4a0c-a0df-69c8a220c748,rejected,2026-02-21 11:22:48.202360,220.12,134.46
12950911-4bb0-4f03-b543-5d3176047101,9c66d1e6-3822-4344-bba9-eac1e777a69e,c4dc6416-4d40-4175-8118-b1d90e621e08,accepted,2026-02-04 05:39:57.921248,239.7,774.59
03d5fd40-4616-4065-8240-a7235ff0119d,8ce7f1a8-61c9-42b1-81be-47123cc6be2c,c5413235-9648-43ad-93db-50df7e4728f0,accepted,2025-06-12 10:09:57.708376,122.07,381.32
ff6ac784-134c-40b4-a816-8bfe4454af26,9d9c3a61-93b2-42ed-8399-d96d9d0a0377,b3ea8d09-e790-4887-95b1-dc707dca7b71,pending,2025-04-10 02:23:56.257685,197.28,761.7
1c2982a9-d9b3-4aa4-a820-fc1ec41bbfd8,a180e033-9686-4794-aeec-e946410cff61,27e68da6-e956-402b-82f7-f7c8cfc39e90,accepted,2025-10-19 10:54:53.660751,197.4,235.22
c9fcbf9d-ab36-4492-9535-4c90933daf90,edd456d2-b02f-4529-9e73-2b8781edccf5,22078e3d-b5a5-4b55-905a-152ceeeec304,accepted,2025-08-26 13:56:17.867166,166.36,302.7
35b8122e-e045-4fad-8c49-bc76672e9a21,8ff65869-bc76-47c5-8ba0-d2472cc6b266,3208ebc8-095f-4a0c-a0df-69c8a220c748,accepted,2025-11-16 23:20:27.494536,88.58,628.12
9b855724-2a0f-42b7-8b2d-2540a84a417c,49afd2d9-f400-4d54-81fe-a14738f41569,4c4c3331-66e3-48c2-b51b-b539603203e1,pending,2026-01-29 02:08:52.004007,166.48,230.37
0273b152-9c53-44cc-9a55-82eb318fb4c6,7715ff04-9f05-40a0-a173-12fcfd207ee5,60636fe1-8492-4acd-befe-9ebedf0c66d4,accepted,2025-06-13 21:49:26.000183,78.72,282.18
a3b8e874-2d99-46a1-8a96-b769097f3f43,b990bdbd-7eaa-4fa8-ad09-dd23ac8f8ae2,a7aa7082-85de-4895-8813-f2985518a775,accepted,2025-04-01 16:18:41.811880,295.07,454.78
f5f6ba64-477e-4e7b-b4e2-cf8161a0d831,944139b5-69d9-4971-81c1-eb92a1f47ce6,586992ed-a9e3-4bf9-9818-cf57262f3b16,rejected,2025-08-23 20:23:08.555928,248.11,577.43
36ad34dc-41b5-402e-9339-8606ad2b21c1,9b563cea-0e9a-4803-a11b-0036c313e261,c4dc6416-4d40-4175-8118-b1d90e621e08,rejected,2025-09-29 15:56:52.793102,262.29,371.44
a09177ee-e64d-4534-af12-e4e40243fae5,2416f7f3-c99e-4880-8b40-185928a64d35,6b65021c-2086-4699-8355-05184f72e23c,accepted,2025-12-17 01:18:25.653111,435.85,263.55
53d4b712-7e28-4b6f-bcef-c6f349011e7d,a07fdcb4-7790-4e76-8efd-2a1aff28a3fb,7c33cd8b-3dbf-4c22-a97a-a82aadf5a2e8,accepted,2025-12-24 23:19:49.821765,216.62,190.09
f438f306-2966-4dcf-bd04-08e56519c1b4,9072ca5e-139a-436b-916a-85929c7b68e9,586992ed-a9e3-4bf9-9818-cf57262f3b16,accepted,2025-05-06 16:56:16.348109,479.88,712.58
40f46414-c54a-4ca3-b54d-693e8d8f16ff,18e69b0c-47a6-49a7-9c99-848f66eb2e70,98c5db73-d239-4ac1-8b85-1299a8f5ce9f,accepted,2026-03-14 09:10:49.675678,435.66,567.23
02f2ff60-f08c-4099-9b09-df79645a767c,89a1639c-0aa3-4550-80aa-dcc7d282a6f0,cfc4f3e7-632f-4ea8-a05c-d3f43a5f33fa,rejected,2025-06-10 01:08:48.177799,359.55,451.03
a9c1303c-11d0-4c32-8b52-5cf507e25aca,444807cf-7b33-4531-8ac2-254e5818c682,4ff1a953-3c1a-4939-be70-7f98ac406bbf,accepted,2026-02-14 05:27:34.245400,112.36,496.87
ff891ca8-40a6-454d-b016-a92294bbd631,8725442e-e14f-4e90-b5a4-acc055dfd619,7bffd16d-2688-4d5b-bcf6-c5ab8782302d,accepted,2025-10-12 22:35:16.766778,293.72,155.57
